-- Faculties
INSERT INTO faculties (id, name) VALUES ('FAC001', 'Bartell Group');
INSERT INTO faculties (id, name) VALUES ('FAC002', 'Fisher, Toy and Deckow');
INSERT INTO faculties (id, name) VALUES ('FAC003', 'Hirthe Group');

-- Semesters
INSERT INTO semesters (id, name, start_date, end_date, academic_year) VALUES ('SEM001', 'Semester 1', '2001-09-01', '2001-12-20', '2001-2002');
INSERT INTO semesters (id, name, start_date, end_date, academic_year) VALUES ('SEM002', 'Semester 2', '2002-09-01', '2002-12-20', '2002-2003');
INSERT INTO semesters (id, name, start_date, end_date, academic_year) VALUES ('SEM003', 'Semester 3', '2003-09-01', '2003-12-20', '2003-2004');

-- Professors
INSERT INTO professors (sin, name, birthday, faculty_id, email, hire_date) VALUES ('P001', 'Lee Gutkowski', '1984-07-09', 'FAC003', 'Berniece87@yahoo.com', '2022-09-06');
INSERT INTO professors (sin, name, birthday, faculty_id, email, hire_date) VALUES ('P002', 'Elbert Larkin', '1979-01-31', 'FAC002', 'Lennie.Parker@hotmail.com', '2007-06-28');
INSERT INTO professors (sin, name, birthday, faculty_id, email, hire_date) VALUES ('P003', 'Tamara Zieme DDS', '1991-01-29', 'FAC002', 'Donny_Schowalter72@gmail.com', '2008-08-24');
INSERT INTO professors (sin, name, birthday, faculty_id, email, hire_date) VALUES ('P004', 'Vickie Haley', '1973-10-15', 'FAC001', 'Francesco80@yahoo.com', '2023-11-10');
INSERT INTO professors (sin, name, birthday, faculty_id, email, hire_date) VALUES ('P005', 'Josh Feil', '1966-08-24', 'FAC001', 'Kailee67@hotmail.com', '2009-02-26');
INSERT INTO professors (sin, name, birthday, faculty_id, email, hire_date) VALUES ('P006', 'Elsie Friesen', '1974-03-10', 'FAC001', 'Sunny_Baumbach58@hotmail.com', '2020-12-18');
INSERT INTO professors (sin, name, birthday, faculty_id, email, hire_date) VALUES ('P007', 'Rodney Murray IV', '1966-10-26', 'FAC003', 'Laurel.Rogahn@gmail.com', '2014-11-21');
INSERT INTO professors (sin, name, birthday, faculty_id, email, hire_date) VALUES ('P008', 'Dr. Preston Wehner', '1987-10-13', 'FAC001', 'Billy.Quitzon82@yahoo.com', '2019-08-01');
INSERT INTO professors (sin, name, birthday, faculty_id, email, hire_date) VALUES ('P009', 'Ronald Emard', '1989-05-11', 'FAC003', 'Delores.Barrows36@hotmail.com', '2007-01-25');
INSERT INTO professors (sin, name, birthday, faculty_id, email, hire_date) VALUES ('P010', 'Roxanne Crooks-Nikolaus', '1968-03-01', 'FAC002', 'Dixie45@yahoo.com', '2017-07-09');

-- Courses
INSERT INTO courses (code, name, credits, description) VALUES ('C001', 'so alongside', 3.249040524374089, 'Cogito cohibeo suspendo solum.');
INSERT INTO courses (code, name, credits, description) VALUES ('C002', 'snuggle whereas worthwhile', 4.001405984045319, 'Usus absorbeo thesaurus adaugeo.');
INSERT INTO courses (code, name, credits, description) VALUES ('C003', 'yahoo bah', 12.610725907812311, 'Sed centum nisi crustulum aranea sit molestias nihil.');
INSERT INTO courses (code, name, credits, description) VALUES ('C004', 'whether fortunate', 25.3457922756811, 'Depulso calculus valeo versus vociferor ut aiunt.');
INSERT INTO courses (code, name, credits, description) VALUES ('C005', 'alongside after if', 26.893201899296557, 'Defluo ciminatio thermae sunt ullus stella carus corona demitto.');
INSERT INTO courses (code, name, credits, description) VALUES ('C006', 'ack consequently tentacle', 15.80504810995229, 'Conservo cupiditas temptatio quod adeo basium dolorum vero.');
INSERT INTO courses (code, name, credits, description) VALUES ('C007', 'gradient questionably', 24.984023040467935, 'Approbo sponte conor adulescens vado provident accusantium arbitro tollo absens.');
INSERT INTO courses (code, name, credits, description) VALUES ('C008', 'as among queasily', 6.9188048035251795, 'Molestias atqui depulso versus.');
INSERT INTO courses (code, name, credits, description) VALUES ('C009', 'reassuringly jittery depot tut', 27.546280454268853, 'Provident itaque sortitus.');
INSERT INTO courses (code, name, credits, description) VALUES ('C010', 'license ingratiate', 26.797233224547497, 'Vos cito tertius aequitas depereo sustineo claudeo crapula ab.');

-- Students
INSERT INTO students (student_number, first_name, last_name, email, enrollment_date, birthday) VALUES ('S001', 'Brad', 'Streich', 'Chesley_Lueilwitz@yahoo.com', '2024-01-07', '1985-11-08');
INSERT INTO students (student_number, first_name, last_name, email, enrollment_date, birthday) VALUES ('S002', 'Elizabeth', 'Mann', 'Dion79@gmail.com', '2022-10-16', '1961-04-12');
INSERT INTO students (student_number, first_name, last_name, email, enrollment_date, birthday) VALUES ('S003', 'Garrison', 'Vandervort', 'Brooks10@gmail.com', '2023-06-13', '1961-11-12');
INSERT INTO students (student_number, first_name, last_name, email, enrollment_date, birthday) VALUES ('S004', 'Christa', 'Flatley', 'Vicenta67@hotmail.com', '2022-11-15', '1984-03-17');
INSERT INTO students (student_number, first_name, last_name, email, enrollment_date, birthday) VALUES ('S005', 'Elwyn', 'Harris', 'Devan.Bechtelar@yahoo.com', '2024-07-04', '1991-08-07');
INSERT INTO students (student_number, first_name, last_name, email, enrollment_date, birthday) VALUES ('S006', 'Asa', 'Olson', 'Sebastian19@hotmail.com', '2025-02-03', '1945-05-23');
INSERT INTO students (student_number, first_name, last_name, email, enrollment_date, birthday) VALUES ('S007', 'Chase', 'Beahan-Homenick', 'Jace42@hotmail.com', '2023-05-07', '1926-11-20');
INSERT INTO students (student_number, first_name, last_name, email, enrollment_date, birthday) VALUES ('S008', 'Raymundo', 'Graham', 'Houston.Sauer@yahoo.com', '2023-05-27', '1973-11-24');
INSERT INTO students (student_number, first_name, last_name, email, enrollment_date, birthday) VALUES ('S009', 'Marielle', 'Smitham', 'Myrtie.Rogahn50@gmail.com', '2024-02-20', '1948-10-13');
INSERT INTO students (student_number, first_name, last_name, email, enrollment_date, birthday) VALUES ('S010', 'Rick', 'Rempel', 'Rachael61@hotmail.com', '2021-05-11', '1974-03-01');
INSERT INTO students (student_number, first_name, last_name, email, enrollment_date, birthday) VALUES ('S011', 'Obie', 'Mann', 'Rachael.Rowe@hotmail.com', '2020-08-04', '1951-07-03');
INSERT INTO students (student_number, first_name, last_name, email, enrollment_date, birthday) VALUES ('S012', 'Elliott', 'Schmidt', 'Johann.Wolf47@hotmail.com', '2022-05-05', '1944-06-30');
INSERT INTO students (student_number, first_name, last_name, email, enrollment_date, birthday) VALUES ('S013', 'Eliezer', 'Ankunding', 'Hermina_Sauer25@yahoo.com', '2021-12-28', '1944-05-27');
INSERT INTO students (student_number, first_name, last_name, email, enrollment_date, birthday) VALUES ('S014', 'Lon', 'Terry', 'Alysa.Dooley49@gmail.com', '2023-12-24', '1975-11-13');
INSERT INTO students (student_number, first_name, last_name, email, enrollment_date, birthday) VALUES ('S015', 'Sonia', 'Waelchi', 'Adelle97@gmail.com', '2023-02-17', '1991-01-04');
INSERT INTO students (student_number, first_name, last_name, email, enrollment_date, birthday) VALUES ('S016', 'Kristina', 'Feest', 'Edmund63@gmail.com', '2023-01-03', '1957-07-13');
INSERT INTO students (student_number, first_name, last_name, email, enrollment_date, birthday) VALUES ('S017', 'Esta', 'Weber', 'Thaddeus_Goodwin18@gmail.com', '2020-07-31', '1975-02-12');
INSERT INTO students (student_number, first_name, last_name, email, enrollment_date, birthday) VALUES ('S018', 'Travis', 'Lehner', 'Ulices.Zemlak@hotmail.com', '2024-11-02', '1953-08-07');
INSERT INTO students (student_number, first_name, last_name, email, enrollment_date, birthday) VALUES ('S019', 'Webster', 'Jones', 'Melody_Goldner@yahoo.com', '2023-06-16', '1997-07-17');
INSERT INTO students (student_number, first_name, last_name, email, enrollment_date, birthday) VALUES ('S020', 'Mortimer', 'Mitchell', 'Desiree_Hickle@yahoo.com', '2024-07-26', '1929-09-12');
INSERT INTO students (student_number, first_name, last_name, email, enrollment_date, birthday) VALUES ('S021', 'Uriel', 'Hirthe', 'Malcolm23@gmail.com', '2020-12-13', '1973-02-12');
INSERT INTO students (student_number, first_name, last_name, email, enrollment_date, birthday) VALUES ('S022', 'Kenton', 'Cole', 'Alda_Fay-Little@yahoo.com', '2021-02-15', '1969-06-15');
INSERT INTO students (student_number, first_name, last_name, email, enrollment_date, birthday) VALUES ('S023', 'William', 'Block-Boyer', 'Elenor36@yahoo.com', '2023-08-04', '1927-08-19');
INSERT INTO students (student_number, first_name, last_name, email, enrollment_date, birthday) VALUES ('S024', 'Justice', 'Rodriguez', 'Mason75@hotmail.com', '2021-04-25', '2002-06-02');
INSERT INTO students (student_number, first_name, last_name, email, enrollment_date, birthday) VALUES ('S025', 'Kaia', 'O''Conner', 'Janiya_Roberts@gmail.com', '2020-07-26', '1931-07-28');
INSERT INTO students (student_number, first_name, last_name, email, enrollment_date, birthday) VALUES ('S026', 'Sammie', 'Gusikowski', 'Breanna.Bartoletti-McGlynn@yahoo.com', '2023-10-11', '1955-08-23');
INSERT INTO students (student_number, first_name, last_name, email, enrollment_date, birthday) VALUES ('S027', 'Toni', 'Brekke', 'Delia.Rohan@yahoo.com', '2022-05-07', '1950-07-20');
INSERT INTO students (student_number, first_name, last_name, email, enrollment_date, birthday) VALUES ('S028', 'Edd', 'Funk', 'Ruth_Lueilwitz52@yahoo.com', '2024-01-01', '1939-04-11');
INSERT INTO students (student_number, first_name, last_name, email, enrollment_date, birthday) VALUES ('S029', 'Breanna', 'Kuvalis', 'Makayla_Gutmann87@yahoo.com', '2022-09-04', '1934-05-22');
INSERT INTO students (student_number, first_name, last_name, email, enrollment_date, birthday) VALUES ('S030', 'Estrella', 'Zulauf', 'Caterina41@yahoo.com', '2024-11-11', '1978-05-29');
INSERT INTO students (student_number, first_name, last_name, email, enrollment_date, birthday) VALUES ('S031', 'Jabari', 'Quigley', 'Kallie_Cruickshank@yahoo.com', '2024-03-17', '1977-04-12');
INSERT INTO students (student_number, first_name, last_name, email, enrollment_date, birthday) VALUES ('S032', 'Marlen', 'Hane', 'Carroll.Friesen@gmail.com', '2021-10-05', '2005-09-02');
INSERT INTO students (student_number, first_name, last_name, email, enrollment_date, birthday) VALUES ('S033', 'Ronny', 'Simonis', 'Duane20@gmail.com', '2022-07-13', '1937-08-20');
INSERT INTO students (student_number, first_name, last_name, email, enrollment_date, birthday) VALUES ('S034', 'Luisa', 'Farrell', 'Leonie9@gmail.com', '2022-05-21', '1977-11-30');
INSERT INTO students (student_number, first_name, last_name, email, enrollment_date, birthday) VALUES ('S035', 'Karlee', 'Kuhn', 'Mariana.Bashirian@gmail.com', '2025-02-27', '1962-07-24');
INSERT INTO students (student_number, first_name, last_name, email, enrollment_date, birthday) VALUES ('S036', 'Jermaine', 'Franecki', 'Raleigh37@gmail.com', '2022-09-08', '1987-05-01');
INSERT INTO students (student_number, first_name, last_name, email, enrollment_date, birthday) VALUES ('S037', 'Clement', 'Doyle', 'Ladarius26@gmail.com', '2024-02-07', '2005-11-13');
INSERT INTO students (student_number, first_name, last_name, email, enrollment_date, birthday) VALUES ('S038', 'Enrique', 'Zboncak', 'Layla_Dicki@gmail.com', '2024-11-12', '2002-12-10');
INSERT INTO students (student_number, first_name, last_name, email, enrollment_date, birthday) VALUES ('S039', 'Ralph', 'Spinka', 'Malachi_Smith93@hotmail.com', '2022-10-01', '1986-01-27');
INSERT INTO students (student_number, first_name, last_name, email, enrollment_date, birthday) VALUES ('S040', 'Bartholome', 'Kuhic', 'Reece_Spinka@hotmail.com', '2021-02-04', '2005-02-01');
INSERT INTO students (student_number, first_name, last_name, email, enrollment_date, birthday) VALUES ('S041', 'Rhett', 'McGlynn', 'Chaim_Lang61@yahoo.com', '2021-12-26', '1943-07-27');
INSERT INTO students (student_number, first_name, last_name, email, enrollment_date, birthday) VALUES ('S042', 'Briana', 'Okuneva', 'Nelle78@gmail.com', '2025-01-18', '1942-10-07');
INSERT INTO students (student_number, first_name, last_name, email, enrollment_date, birthday) VALUES ('S043', 'Noble', 'Stanton', 'Korey84@gmail.com', '2022-10-20', '2007-01-06');
INSERT INTO students (student_number, first_name, last_name, email, enrollment_date, birthday) VALUES ('S044', 'George', 'Nitzsche', 'Lucie90@hotmail.com', '2024-08-16', '1945-12-13');
INSERT INTO students (student_number, first_name, last_name, email, enrollment_date, birthday) VALUES ('S045', 'Garret', 'Hayes', 'Ray_Gerlach53@yahoo.com', '2021-02-09', '1953-11-26');
INSERT INTO students (student_number, first_name, last_name, email, enrollment_date, birthday) VALUES ('S046', 'Lucinda', 'Altenwerth-Turner', 'Eva_Greenfelder61@yahoo.com', '2024-09-26', '1966-09-21');
INSERT INTO students (student_number, first_name, last_name, email, enrollment_date, birthday) VALUES ('S047', 'Icie', 'Grimes', 'Blair88@yahoo.com', '2021-06-22', '1939-04-27');
INSERT INTO students (student_number, first_name, last_name, email, enrollment_date, birthday) VALUES ('S048', 'Torrey', 'Heidenreich', 'Lisette.Beahan@hotmail.com', '2021-02-25', '1928-03-02');
INSERT INTO students (student_number, first_name, last_name, email, enrollment_date, birthday) VALUES ('S049', 'Robin', 'Cormier', 'Terrence_Schultz81@gmail.com', '2020-08-16', '1939-05-11');
INSERT INTO students (student_number, first_name, last_name, email, enrollment_date, birthday) VALUES ('S050', 'Clark', 'Sawayn', 'Breana_Brekke@gmail.com', '2024-07-17', '1960-03-13');
INSERT INTO students (student_number, first_name, last_name, email, enrollment_date, birthday) VALUES ('S051', 'Rosalia', 'Gottlieb', 'Chelsie.Zboncak18@yahoo.com', '2023-12-28', '1996-06-17');
INSERT INTO students (student_number, first_name, last_name, email, enrollment_date, birthday) VALUES ('S052', 'Eino', 'Feil', 'Jamir.Reilly@gmail.com', '2020-12-20', '1990-06-09');
INSERT INTO students (student_number, first_name, last_name, email, enrollment_date, birthday) VALUES ('S053', 'Muhammad', 'Rau', 'Kenny.Mertz@gmail.com', '2021-02-12', '1947-08-17');
INSERT INTO students (student_number, first_name, last_name, email, enrollment_date, birthday) VALUES ('S054', 'Laurel', 'Ondricka', 'Reyes_Wolf97@yahoo.com', '2023-09-18', '1995-08-21');
INSERT INTO students (student_number, first_name, last_name, email, enrollment_date, birthday) VALUES ('S055', 'Chandler', 'Hammes', 'Mazie68@hotmail.com', '2025-02-10', '1952-03-14');
INSERT INTO students (student_number, first_name, last_name, email, enrollment_date, birthday) VALUES ('S056', 'Jairo', 'Schuppe-Zieme', 'Carley_Kunde50@hotmail.com', '2024-01-18', '1929-02-13');
INSERT INTO students (student_number, first_name, last_name, email, enrollment_date, birthday) VALUES ('S057', 'Lillie', 'Jacobs', 'Karina.Hyatt@gmail.com', '2022-09-29', '1997-08-08');
INSERT INTO students (student_number, first_name, last_name, email, enrollment_date, birthday) VALUES ('S058', 'Tatum', 'Senger', 'Milan.Walker@hotmail.com', '2025-03-14', '1970-10-06');
INSERT INTO students (student_number, first_name, last_name, email, enrollment_date, birthday) VALUES ('S059', 'Danny', 'Kessler', 'Pink21@hotmail.com', '2020-08-03', '1993-10-19');
INSERT INTO students (student_number, first_name, last_name, email, enrollment_date, birthday) VALUES ('S060', 'Thomas', 'Mohr', 'Lorenzo_Sanford9@gmail.com', '2020-11-11', '1964-10-24');
INSERT INTO students (student_number, first_name, last_name, email, enrollment_date, birthday) VALUES ('S061', 'Cicero', 'Koelpin', 'Frieda_Goyette26@yahoo.com', '2023-02-17', '1950-11-30');
INSERT INTO students (student_number, first_name, last_name, email, enrollment_date, birthday) VALUES ('S062', 'Nat', 'Moore', 'Regan23@yahoo.com', '2024-02-21', '1940-07-05');
INSERT INTO students (student_number, first_name, last_name, email, enrollment_date, birthday) VALUES ('S063', 'Arnold', 'Reynolds', 'Elijah.Morar@hotmail.com', '2022-02-17', '1954-05-28');
INSERT INTO students (student_number, first_name, last_name, email, enrollment_date, birthday) VALUES ('S064', 'Koby', 'Abernathy', 'Angelita4@hotmail.com', '2022-03-29', '1925-08-23');
INSERT INTO students (student_number, first_name, last_name, email, enrollment_date, birthday) VALUES ('S065', 'Brody', 'Schumm', 'Priscilla.Sporer@hotmail.com', '2022-06-24', '1961-01-14');
INSERT INTO students (student_number, first_name, last_name, email, enrollment_date, birthday) VALUES ('S066', 'Pattie', 'Mills', 'Rosalind_Brakus@gmail.com', '2021-05-30', '1944-08-23');
INSERT INTO students (student_number, first_name, last_name, email, enrollment_date, birthday) VALUES ('S067', 'Arvilla', 'Nienow', 'Marcelle.Lindgren16@hotmail.com', '2025-04-30', '1958-09-24');
INSERT INTO students (student_number, first_name, last_name, email, enrollment_date, birthday) VALUES ('S068', 'Garry', 'Hodkiewicz', 'Nellie.Sawayn27@hotmail.com', '2022-05-26', '1961-08-30');
INSERT INTO students (student_number, first_name, last_name, email, enrollment_date, birthday) VALUES ('S069', 'Kenton', 'Runolfsson', 'Domenick.Smitham56@yahoo.com', '2023-02-04', '1982-06-28');
INSERT INTO students (student_number, first_name, last_name, email, enrollment_date, birthday) VALUES ('S070', 'Claudie', 'Upton', 'Ransom.Kilback@gmail.com', '2024-12-07', '1992-01-14');
INSERT INTO students (student_number, first_name, last_name, email, enrollment_date, birthday) VALUES ('S071', 'Triston', 'Bartoletti', 'Tristian_Conn9@yahoo.com', '2022-10-26', '1926-04-02');
INSERT INTO students (student_number, first_name, last_name, email, enrollment_date, birthday) VALUES ('S072', 'Myra', 'Wehner', 'Gerhard54@hotmail.com', '2023-06-08', '1988-08-13');
INSERT INTO students (student_number, first_name, last_name, email, enrollment_date, birthday) VALUES ('S073', 'Brian', 'Price', 'Kaela.Kerluke@hotmail.com', '2022-11-13', '1969-04-09');
INSERT INTO students (student_number, first_name, last_name, email, enrollment_date, birthday) VALUES ('S074', 'Hillard', 'Cummerata', 'Willa46@yahoo.com', '2023-04-15', '1968-12-12');
INSERT INTO students (student_number, first_name, last_name, email, enrollment_date, birthday) VALUES ('S075', 'Jettie', 'White', 'Jadyn0@hotmail.com', '2021-07-10', '1953-11-12');
INSERT INTO students (student_number, first_name, last_name, email, enrollment_date, birthday) VALUES ('S076', 'Duane', 'Ziemann', 'Khalid.Sauer@yahoo.com', '2022-12-26', '1979-08-06');
INSERT INTO students (student_number, first_name, last_name, email, enrollment_date, birthday) VALUES ('S077', 'Alyce', 'Durgan-Carter', 'Aimee.Denesik3@hotmail.com', '2022-08-26', '1939-12-08');
INSERT INTO students (student_number, first_name, last_name, email, enrollment_date, birthday) VALUES ('S078', 'Jenifer', 'Jast', 'Hershel_Kuhic@hotmail.com', '2020-09-30', '1932-09-09');
INSERT INTO students (student_number, first_name, last_name, email, enrollment_date, birthday) VALUES ('S079', 'Horace', 'Feest', 'German.Kovacek@hotmail.com', '2023-01-05', '1940-06-12');
INSERT INTO students (student_number, first_name, last_name, email, enrollment_date, birthday) VALUES ('S080', 'Jarvis', 'Kunze-Renner', 'Jasper.Toy@gmail.com', '2022-03-07', '1957-05-17');
INSERT INTO students (student_number, first_name, last_name, email, enrollment_date, birthday) VALUES ('S081', 'Marlen', 'Hermiston', 'Isac_Franecki54@yahoo.com', '2020-07-12', '1957-05-23');
INSERT INTO students (student_number, first_name, last_name, email, enrollment_date, birthday) VALUES ('S082', 'Kailyn', 'Moen', 'Issac.Fay@gmail.com', '2021-02-21', '1994-10-26');
INSERT INTO students (student_number, first_name, last_name, email, enrollment_date, birthday) VALUES ('S083', 'Rhea', 'Schmidt', 'Ronny_Cremin64@gmail.com', '2022-02-26', '1983-09-28');
INSERT INTO students (student_number, first_name, last_name, email, enrollment_date, birthday) VALUES ('S084', 'Felipa', 'Beatty-Reynolds', 'Rocio27@gmail.com', '2025-05-05', '1993-09-28');
INSERT INTO students (student_number, first_name, last_name, email, enrollment_date, birthday) VALUES ('S085', 'Caden', 'Hoeger', 'Baby.Rutherford@hotmail.com', '2023-12-29', '1931-05-27');
INSERT INTO students (student_number, first_name, last_name, email, enrollment_date, birthday) VALUES ('S086', 'Haylie', 'Quigley', 'Beulah_Ward-Kunde22@hotmail.com', '2023-05-27', '1973-10-31');
INSERT INTO students (student_number, first_name, last_name, email, enrollment_date, birthday) VALUES ('S087', 'Florian', 'Roberts', 'Pierce.Legros@yahoo.com', '2020-07-06', '1974-06-15');
INSERT INTO students (student_number, first_name, last_name, email, enrollment_date, birthday) VALUES ('S088', 'Samson', 'Huels', 'Lewis.Jacobi@gmail.com', '2024-08-22', '1973-07-11');
INSERT INTO students (student_number, first_name, last_name, email, enrollment_date, birthday) VALUES ('S089', 'Ruthie', 'Schowalter', 'Abdullah53@gmail.com', '2022-11-14', '1995-03-31');
INSERT INTO students (student_number, first_name, last_name, email, enrollment_date, birthday) VALUES ('S090', 'Adrain', 'Beahan', 'Erika78@yahoo.com', '2023-08-25', '2006-04-08');
INSERT INTO students (student_number, first_name, last_name, email, enrollment_date, birthday) VALUES ('S091', 'Max', 'Pfannerstill', 'Selina_Stroman68@yahoo.com', '2022-06-04', '1961-10-04');
INSERT INTO students (student_number, first_name, last_name, email, enrollment_date, birthday) VALUES ('S092', 'Joan', 'Koch', 'Ora.Kling@gmail.com', '2024-06-22', '1958-01-27');
INSERT INTO students (student_number, first_name, last_name, email, enrollment_date, birthday) VALUES ('S093', 'Sabryna', 'West', 'Garret74@yahoo.com', '2025-05-09', '1980-07-19');
INSERT INTO students (student_number, first_name, last_name, email, enrollment_date, birthday) VALUES ('S094', 'Jadon', 'Jaskolski', 'Aimee_Schimmel63@yahoo.com', '2022-10-27', '1984-06-19');
INSERT INTO students (student_number, first_name, last_name, email, enrollment_date, birthday) VALUES ('S095', 'Vernice', 'Schumm', 'Philip.Bergstrom@gmail.com', '2024-11-03', '1925-08-07');
INSERT INTO students (student_number, first_name, last_name, email, enrollment_date, birthday) VALUES ('S096', 'Brycen', 'Abernathy', 'Alfonso_Balistreri-Strosin43@yahoo.com', '2025-04-17', '1934-03-07');
INSERT INTO students (student_number, first_name, last_name, email, enrollment_date, birthday) VALUES ('S097', 'Lurline', 'Dicki', 'Maybell_Douglas@gmail.com', '2020-11-02', '1941-01-19');
INSERT INTO students (student_number, first_name, last_name, email, enrollment_date, birthday) VALUES ('S098', 'Darren', 'Metz-Franey', 'Myra9@gmail.com', '2021-04-16', '1956-11-21');
INSERT INTO students (student_number, first_name, last_name, email, enrollment_date, birthday) VALUES ('S099', 'Hilma', 'Thompson', 'Chelsea42@yahoo.com', '2021-02-04', '1977-04-25');
INSERT INTO students (student_number, first_name, last_name, email, enrollment_date, birthday) VALUES ('S100', 'Lillian', 'Zieme', 'Santa_Stroman@gmail.com', '2021-05-20', '1993-12-03');
INSERT INTO students (student_number, first_name, last_name, email, enrollment_date, birthday) VALUES ('S101', 'Lisette', 'Satterfield', 'Kattie.Wintheiser@gmail.com', '2023-11-27', '1945-09-28');
INSERT INTO students (student_number, first_name, last_name, email, enrollment_date, birthday) VALUES ('S102', 'Janick', 'Paucek', 'Eleazar16@gmail.com', '2021-12-31', '1965-04-27');
INSERT INTO students (student_number, first_name, last_name, email, enrollment_date, birthday) VALUES ('S103', 'Axel', 'Cormier', 'Garrett.Sporer20@hotmail.com', '2021-03-10', '1990-09-11');
INSERT INTO students (student_number, first_name, last_name, email, enrollment_date, birthday) VALUES ('S104', 'Vinnie', 'Bauch', 'Kianna_Reichel@hotmail.com', '2023-08-18', '1995-06-24');
INSERT INTO students (student_number, first_name, last_name, email, enrollment_date, birthday) VALUES ('S105', 'Berneice', 'Blanda', 'Fred.Beier46@yahoo.com', '2024-04-02', '1996-11-18');
INSERT INTO students (student_number, first_name, last_name, email, enrollment_date, birthday) VALUES ('S106', 'Veda', 'Daniel', 'Dena_Vandervort@yahoo.com', '2025-01-05', '1981-10-06');
INSERT INTO students (student_number, first_name, last_name, email, enrollment_date, birthday) VALUES ('S107', 'Vallie', 'Bartell', 'Cordia_Towne@yahoo.com', '2021-01-03', '1962-02-16');
INSERT INTO students (student_number, first_name, last_name, email, enrollment_date, birthday) VALUES ('S108', 'Conor', 'Jones', 'Eliza.Conroy96@hotmail.com', '2024-05-16', '1965-01-24');
INSERT INTO students (student_number, first_name, last_name, email, enrollment_date, birthday) VALUES ('S109', 'Rae', 'Conn-Batz', 'Chanel.Rogahn41@gmail.com', '2025-04-07', '2006-01-26');
INSERT INTO students (student_number, first_name, last_name, email, enrollment_date, birthday) VALUES ('S110', 'Pierre', 'Carroll', 'Sandrine31@gmail.com', '2023-09-22', '1976-08-18');
INSERT INTO students (student_number, first_name, last_name, email, enrollment_date, birthday) VALUES ('S111', 'Salma', 'Mante', 'Eleonore_Fay@yahoo.com', '2021-08-14', '1965-02-06');
INSERT INTO students (student_number, first_name, last_name, email, enrollment_date, birthday) VALUES ('S112', 'Colt', 'Terry', 'Ida71@gmail.com', '2022-01-01', '1936-03-14');
INSERT INTO students (student_number, first_name, last_name, email, enrollment_date, birthday) VALUES ('S113', 'Vicky', 'O''Kon', 'Herminio_Ullrich@yahoo.com', '2024-01-01', '1934-09-13');
INSERT INTO students (student_number, first_name, last_name, email, enrollment_date, birthday) VALUES ('S114', 'Gayle', 'McLaughlin-Wilkinson', 'Birdie38@gmail.com', '2025-03-26', '1971-06-30');
INSERT INTO students (student_number, first_name, last_name, email, enrollment_date, birthday) VALUES ('S115', 'Brent', 'Zulauf', 'Lloyd_Mann3@gmail.com', '2023-06-26', '1943-05-14');
INSERT INTO students (student_number, first_name, last_name, email, enrollment_date, birthday) VALUES ('S116', 'Kailey', 'Dooley', 'Daron.Howell40@yahoo.com', '2022-11-11', '1944-09-12');
INSERT INTO students (student_number, first_name, last_name, email, enrollment_date, birthday) VALUES ('S117', 'Abagail', 'Boyle', 'Constantin_Hudson@gmail.com', '2021-04-19', '1953-01-12');
INSERT INTO students (student_number, first_name, last_name, email, enrollment_date, birthday) VALUES ('S118', 'Mittie', 'Lueilwitz', 'Eryn.Hammes23@gmail.com', '2022-08-03', '1975-01-15');
INSERT INTO students (student_number, first_name, last_name, email, enrollment_date, birthday) VALUES ('S119', 'Brooke', 'Ankunding', 'Vesta_Kunze@yahoo.com', '2020-11-21', '1941-06-29');
INSERT INTO students (student_number, first_name, last_name, email, enrollment_date, birthday) VALUES ('S120', 'Jevon', 'Thompson-Schmitt', 'Marcelo.Hoeger@hotmail.com', '2021-01-21', '1972-12-23');
INSERT INTO students (student_number, first_name, last_name, email, enrollment_date, birthday) VALUES ('S121', 'Arnoldo', 'Schumm', 'Otto_Wehner@gmail.com', '2025-05-05', '1976-10-19');
INSERT INTO students (student_number, first_name, last_name, email, enrollment_date, birthday) VALUES ('S122', 'Joel', 'Kshlerin', 'Scottie_Balistreri45@yahoo.com', '2025-03-22', '1943-05-10');
INSERT INTO students (student_number, first_name, last_name, email, enrollment_date, birthday) VALUES ('S123', 'Annabelle', 'Lesch', 'Dashawn.Hermiston33@hotmail.com', '2024-04-14', '1949-04-13');
INSERT INTO students (student_number, first_name, last_name, email, enrollment_date, birthday) VALUES ('S124', 'Tess', 'Kulas', 'Darian56@yahoo.com', '2022-11-28', '1957-11-09');
INSERT INTO students (student_number, first_name, last_name, email, enrollment_date, birthday) VALUES ('S125', 'Hubert', 'Tremblay', 'Frida_Orn36@gmail.com', '2023-07-21', '1980-07-15');
INSERT INTO students (student_number, first_name, last_name, email, enrollment_date, birthday) VALUES ('S126', 'Nyasia', 'Lynch', 'Joesph85@hotmail.com', '2021-10-18', '1971-06-08');
INSERT INTO students (student_number, first_name, last_name, email, enrollment_date, birthday) VALUES ('S127', 'Kaley', 'VonRueden', 'Raina_Padberg@hotmail.com', '2024-06-17', '1958-07-25');
INSERT INTO students (student_number, first_name, last_name, email, enrollment_date, birthday) VALUES ('S128', 'Angelica', 'Herman', 'Sammie73@yahoo.com', '2024-07-13', '2005-03-21');
INSERT INTO students (student_number, first_name, last_name, email, enrollment_date, birthday) VALUES ('S129', 'Marcella', 'Halvorson', 'Ewell40@yahoo.com', '2025-04-07', '1935-08-23');
INSERT INTO students (student_number, first_name, last_name, email, enrollment_date, birthday) VALUES ('S130', 'Marta', 'Nader', 'Shania76@hotmail.com', '2023-05-27', '1953-07-28');
INSERT INTO students (student_number, first_name, last_name, email, enrollment_date, birthday) VALUES ('S131', 'Lilian', 'Cormier', 'Esta_Bruen@gmail.com', '2021-04-24', '1944-04-18');
INSERT INTO students (student_number, first_name, last_name, email, enrollment_date, birthday) VALUES ('S132', 'Chester', 'Crist', 'Myrl.Gulgowski@yahoo.com', '2021-08-12', '1959-04-02');
INSERT INTO students (student_number, first_name, last_name, email, enrollment_date, birthday) VALUES ('S133', 'Kailee', 'Jerde', 'Caterina.Connelly21@gmail.com', '2023-01-13', '1961-03-07');
INSERT INTO students (student_number, first_name, last_name, email, enrollment_date, birthday) VALUES ('S134', 'Shad', 'Stehr', 'Annabell_Schimmel19@yahoo.com', '2021-03-28', '1932-12-09');
INSERT INTO students (student_number, first_name, last_name, email, enrollment_date, birthday) VALUES ('S135', 'Cristopher', 'Weissnat', 'Ephraim93@yahoo.com', '2025-05-23', '1959-02-07');
INSERT INTO students (student_number, first_name, last_name, email, enrollment_date, birthday) VALUES ('S136', 'Lulu', 'Walsh', 'Kimberly_Rau@hotmail.com', '2023-08-12', '1999-02-15');
INSERT INTO students (student_number, first_name, last_name, email, enrollment_date, birthday) VALUES ('S137', 'Celestine', 'Gulgowski', 'Josh.Medhurst@hotmail.com', '2021-09-26', '1966-08-07');
INSERT INTO students (student_number, first_name, last_name, email, enrollment_date, birthday) VALUES ('S138', 'Kiera', 'Kautzer', 'Art2@gmail.com', '2022-01-26', '1999-01-21');
INSERT INTO students (student_number, first_name, last_name, email, enrollment_date, birthday) VALUES ('S139', 'Brennan', 'Green', 'Dulce_Jacobi@yahoo.com', '2020-08-14', '2007-01-19');
INSERT INTO students (student_number, first_name, last_name, email, enrollment_date, birthday) VALUES ('S140', 'Hulda', 'Ryan', 'Layla.Konopelski9@gmail.com', '2024-08-30', '1978-05-30');
INSERT INTO students (student_number, first_name, last_name, email, enrollment_date, birthday) VALUES ('S141', 'Miles', 'King', 'Jacinthe.Rolfson59@gmail.com', '2021-01-16', '1927-07-10');
INSERT INTO students (student_number, first_name, last_name, email, enrollment_date, birthday) VALUES ('S142', 'Camille', 'Beier', 'Kaylie.Brekke98@yahoo.com', '2020-10-03', '1991-09-03');
INSERT INTO students (student_number, first_name, last_name, email, enrollment_date, birthday) VALUES ('S143', 'Mckenna', 'Kautzer', 'Dejah_Stanton0@yahoo.com', '2023-12-09', '1961-03-26');
INSERT INTO students (student_number, first_name, last_name, email, enrollment_date, birthday) VALUES ('S144', 'Camron', 'Ebert', 'Clint51@yahoo.com', '2022-09-07', '1996-03-18');
INSERT INTO students (student_number, first_name, last_name, email, enrollment_date, birthday) VALUES ('S145', 'Karina', 'Krajcik', 'Edgardo.Rippin57@hotmail.com', '2022-06-21', '1992-08-04');
INSERT INTO students (student_number, first_name, last_name, email, enrollment_date, birthday) VALUES ('S146', 'Randi', 'Kilback', 'Chesley_Ward@hotmail.com', '2022-01-30', '1931-09-27');
INSERT INTO students (student_number, first_name, last_name, email, enrollment_date, birthday) VALUES ('S147', 'Aylin', 'Weimann', 'Leone24@yahoo.com', '2024-05-12', '1964-10-03');
INSERT INTO students (student_number, first_name, last_name, email, enrollment_date, birthday) VALUES ('S148', 'Rolando', 'Willms', 'Dario_Sanford@hotmail.com', '2020-10-03', '1981-03-20');
INSERT INTO students (student_number, first_name, last_name, email, enrollment_date, birthday) VALUES ('S149', 'Myrtice', 'Homenick', 'Sabryna47@yahoo.com', '2023-03-10', '1930-04-26');
INSERT INTO students (student_number, first_name, last_name, email, enrollment_date, birthday) VALUES ('S150', 'Gardner', 'Adams', 'Velma5@gmail.com', '2023-05-18', '1942-06-27');
INSERT INTO students (student_number, first_name, last_name, email, enrollment_date, birthday) VALUES ('S151', 'Cara', 'Hartmann-Cronin', 'German56@yahoo.com', '2023-06-20', '1941-08-05');
INSERT INTO students (student_number, first_name, last_name, email, enrollment_date, birthday) VALUES ('S152', 'Letha', 'Bartell', 'Itzel_Hirthe88@gmail.com', '2023-08-22', '1959-10-29');
INSERT INTO students (student_number, first_name, last_name, email, enrollment_date, birthday) VALUES ('S153', 'Aliza', 'Gusikowski', 'Lukas.Bosco@yahoo.com', '2023-11-06', '1978-01-29');
INSERT INTO students (student_number, first_name, last_name, email, enrollment_date, birthday) VALUES ('S154', 'Charlotte', 'Turcotte', 'Terence_Ondricka@yahoo.com', '2024-11-19', '1976-10-28');
INSERT INTO students (student_number, first_name, last_name, email, enrollment_date, birthday) VALUES ('S155', 'Issac', 'Hudson-Casper', 'Mack59@gmail.com', '2024-04-11', '1996-10-31');
INSERT INTO students (student_number, first_name, last_name, email, enrollment_date, birthday) VALUES ('S156', 'Cecile', 'Bins', 'Jerry80@gmail.com', '2020-10-21', '2006-07-03');
INSERT INTO students (student_number, first_name, last_name, email, enrollment_date, birthday) VALUES ('S157', 'Samara', 'Mayer', 'Newell.Quitzon61@yahoo.com', '2023-05-13', '2005-09-06');
INSERT INTO students (student_number, first_name, last_name, email, enrollment_date, birthday) VALUES ('S158', 'Roger', 'Dickens', 'Leatha20@gmail.com', '2023-01-01', '1988-08-16');
INSERT INTO students (student_number, first_name, last_name, email, enrollment_date, birthday) VALUES ('S159', 'Janick', 'Tremblay', 'Kendra.VonRueden74@hotmail.com', '2024-08-31', '1925-08-23');
INSERT INTO students (student_number, first_name, last_name, email, enrollment_date, birthday) VALUES ('S160', 'Leann', 'Sporer-Farrell', 'Ima.Jakubowski@yahoo.com', '2020-12-03', '1994-05-24');
INSERT INTO students (student_number, first_name, last_name, email, enrollment_date, birthday) VALUES ('S161', 'Walker', 'Haag', 'Eleanore.Daugherty56@hotmail.com', '2021-05-21', '1983-06-14');
INSERT INTO students (student_number, first_name, last_name, email, enrollment_date, birthday) VALUES ('S162', 'Tanner', 'Rodriguez', 'Della96@gmail.com', '2024-06-09', '1935-01-18');
INSERT INTO students (student_number, first_name, last_name, email, enrollment_date, birthday) VALUES ('S163', 'Jed', 'Bradtke-Schmidt', 'Earl.Quitzon93@gmail.com', '2023-09-19', '1997-08-11');
INSERT INTO students (student_number, first_name, last_name, email, enrollment_date, birthday) VALUES ('S164', 'Geovanny', 'Ondricka', 'Frederic_Runte@hotmail.com', '2025-01-24', '1947-05-15');
INSERT INTO students (student_number, first_name, last_name, email, enrollment_date, birthday) VALUES ('S165', 'Emanuel', 'Hackett', 'Jammie.DuBuque@hotmail.com', '2021-11-21', '1935-04-14');
INSERT INTO students (student_number, first_name, last_name, email, enrollment_date, birthday) VALUES ('S166', 'Jeanette', 'Olson', 'Gabriella_Wiza42@gmail.com', '2021-02-23', '1991-07-03');
INSERT INTO students (student_number, first_name, last_name, email, enrollment_date, birthday) VALUES ('S167', 'Nakia', 'Terry', 'Hilton18@yahoo.com', '2022-09-13', '1994-05-05');
INSERT INTO students (student_number, first_name, last_name, email, enrollment_date, birthday) VALUES ('S168', 'Nya', 'Terry', 'Sigrid_West92@yahoo.com', '2020-12-27', '1977-02-17');
INSERT INTO students (student_number, first_name, last_name, email, enrollment_date, birthday) VALUES ('S169', 'Nella', 'Denesik', 'Daisy_Bartoletti@gmail.com', '2021-05-27', '1999-09-23');
INSERT INTO students (student_number, first_name, last_name, email, enrollment_date, birthday) VALUES ('S170', 'Ramona', 'Jaskolski', 'Maudie_Schowalter@gmail.com', '2022-08-06', '1940-09-25');
INSERT INTO students (student_number, first_name, last_name, email, enrollment_date, birthday) VALUES ('S171', 'Hilda', 'Hessel', 'Selena15@hotmail.com', '2022-03-06', '1959-11-12');
INSERT INTO students (student_number, first_name, last_name, email, enrollment_date, birthday) VALUES ('S172', 'Beulah', 'Bartoletti', 'Dulce.Waters@yahoo.com', '2022-12-14', '1947-01-15');
INSERT INTO students (student_number, first_name, last_name, email, enrollment_date, birthday) VALUES ('S173', 'Yvette', 'Franey-Konopelski', 'Darrin.Glover@yahoo.com', '2022-04-02', '2005-08-18');
INSERT INTO students (student_number, first_name, last_name, email, enrollment_date, birthday) VALUES ('S174', 'Sherman', 'Lockman', 'Bridie88@yahoo.com', '2021-09-23', '1931-05-31');
INSERT INTO students (student_number, first_name, last_name, email, enrollment_date, birthday) VALUES ('S175', 'Dock', 'Gislason', 'Jason_Padberg54@gmail.com', '2025-01-25', '1961-12-23');
INSERT INTO students (student_number, first_name, last_name, email, enrollment_date, birthday) VALUES ('S176', 'Lucy', 'Heathcote', 'Rylan9@hotmail.com', '2025-02-01', '1974-05-02');
INSERT INTO students (student_number, first_name, last_name, email, enrollment_date, birthday) VALUES ('S177', 'Yvonne', 'Batz', 'Bethel9@hotmail.com', '2023-02-06', '1939-12-14');
INSERT INTO students (student_number, first_name, last_name, email, enrollment_date, birthday) VALUES ('S178', 'Kavon', 'Hirthe', 'Evalyn47@yahoo.com', '2022-06-24', '1938-08-25');
INSERT INTO students (student_number, first_name, last_name, email, enrollment_date, birthday) VALUES ('S179', 'Lenna', 'Weber', 'Dennis.Pfannerstill@hotmail.com', '2023-07-23', '1980-06-08');
INSERT INTO students (student_number, first_name, last_name, email, enrollment_date, birthday) VALUES ('S180', 'Savannah', 'Denesik', 'Elwyn_Kozey@yahoo.com', '2022-08-11', '1976-11-24');
INSERT INTO students (student_number, first_name, last_name, email, enrollment_date, birthday) VALUES ('S181', 'Nayeli', 'Senger-Cummings', 'Ahmed_Schamberger@hotmail.com', '2022-06-23', '1958-01-12');
INSERT INTO students (student_number, first_name, last_name, email, enrollment_date, birthday) VALUES ('S182', 'Aidan', 'Berge', 'Armand.OReilly@hotmail.com', '2024-07-10', '1954-05-02');
INSERT INTO students (student_number, first_name, last_name, email, enrollment_date, birthday) VALUES ('S183', 'Juana', 'Kiehn', 'Vidal81@gmail.com', '2022-02-05', '1945-08-24');
INSERT INTO students (student_number, first_name, last_name, email, enrollment_date, birthday) VALUES ('S184', 'Cynthia', 'Rogahn', 'Theresa_Considine@yahoo.com', '2022-11-03', '1935-05-28');
INSERT INTO students (student_number, first_name, last_name, email, enrollment_date, birthday) VALUES ('S185', 'Queen', 'Brekke', 'Jolie.Swaniawski@hotmail.com', '2020-07-02', '1952-05-30');
INSERT INTO students (student_number, first_name, last_name, email, enrollment_date, birthday) VALUES ('S186', 'Johnny', 'Larson', 'Rebeca.Dare8@gmail.com', '2021-12-22', '1990-02-16');
INSERT INTO students (student_number, first_name, last_name, email, enrollment_date, birthday) VALUES ('S187', 'Carmine', 'Rempel', 'Lavada_Schultz23@yahoo.com', '2023-06-29', '1989-07-01');
INSERT INTO students (student_number, first_name, last_name, email, enrollment_date, birthday) VALUES ('S188', 'Kari', 'Gleason', 'Marlee_Herzog81@yahoo.com', '2022-10-19', '1951-11-05');
INSERT INTO students (student_number, first_name, last_name, email, enrollment_date, birthday) VALUES ('S189', 'Celestino', 'Kilback', 'Abby.Collier8@yahoo.com', '2021-02-26', '1972-01-01');
INSERT INTO students (student_number, first_name, last_name, email, enrollment_date, birthday) VALUES ('S190', 'Rudolph', 'Ondricka', 'Zachary7@hotmail.com', '2022-09-17', '1938-08-18');
INSERT INTO students (student_number, first_name, last_name, email, enrollment_date, birthday) VALUES ('S191', 'Minnie', 'Ullrich', 'Leonard.Dicki@gmail.com', '2020-08-07', '1974-12-24');
INSERT INTO students (student_number, first_name, last_name, email, enrollment_date, birthday) VALUES ('S192', 'Janessa', 'Rosenbaum-Green', 'Estell.Mosciski23@gmail.com', '2022-10-26', '1990-03-13');
INSERT INTO students (student_number, first_name, last_name, email, enrollment_date, birthday) VALUES ('S193', 'Rhianna', 'Corkery', 'Baby_Mraz@hotmail.com', '2023-09-30', '1936-03-18');
INSERT INTO students (student_number, first_name, last_name, email, enrollment_date, birthday) VALUES ('S194', 'Aniyah', 'Runolfsson', 'Maeve96@gmail.com', '2022-04-14', '1969-01-05');
INSERT INTO students (student_number, first_name, last_name, email, enrollment_date, birthday) VALUES ('S195', 'Dallas', 'Raynor', 'Brendon.Barton@yahoo.com', '2022-07-10', '1927-03-13');
INSERT INTO students (student_number, first_name, last_name, email, enrollment_date, birthday) VALUES ('S196', 'Gerald', 'Romaguera', 'Edison38@hotmail.com', '2024-07-25', '1956-09-04');
INSERT INTO students (student_number, first_name, last_name, email, enrollment_date, birthday) VALUES ('S197', 'Arthur', 'Conn', 'Kamryn.Johnson@hotmail.com', '2023-04-16', '1969-02-15');
INSERT INTO students (student_number, first_name, last_name, email, enrollment_date, birthday) VALUES ('S198', 'Dewayne', 'Leuschke', 'Brielle94@yahoo.com', '2020-09-20', '2002-01-24');
INSERT INTO students (student_number, first_name, last_name, email, enrollment_date, birthday) VALUES ('S199', 'Markus', 'Bauch', 'Maverick_Hoeger78@yahoo.com', '2023-04-14', '1987-02-24');
INSERT INTO students (student_number, first_name, last_name, email, enrollment_date, birthday) VALUES ('S200', 'Makenzie', 'Auer', 'Susie_Stanton3@hotmail.com', '2021-07-02', '2004-08-19');

-- Timetables
INSERT INTO timetables (id, professor_sin, course_code, semester_id, schedule_time, room, max_capacity, status) VALUES ('afcd08e7-e662-401b-8b24-e7ab4dee06a4', 'P002', 'C001', 'SEM003', 'Wed 11am', '21337', 252, 'cancelled');
INSERT INTO timetables (id, professor_sin, course_code, semester_id, schedule_time, room, max_capacity, status) VALUES ('f66300b3-1dc8-460a-8808-9688b26cb8f3', 'P009', 'C005', 'SEM003', 'Wed 11am', '762', 391, 'completed');
INSERT INTO timetables (id, professor_sin, course_code, semester_id, schedule_time, room, max_capacity, status) VALUES ('d1d61ff6-be15-4bef-aca1-58e1515b835f', 'P003', 'C007', 'SEM001', 'Thu 2pm', '3625', 98, 'active');
INSERT INTO timetables (id, professor_sin, course_code, semester_id, schedule_time, room, max_capacity, status) VALUES ('89e2b70b-08f7-4a5b-ba8b-2d35ef653813', 'P003', 'C005', 'SEM002', 'Wed 11am', '9556', 208, 'completed');
INSERT INTO timetables (id, professor_sin, course_code, semester_id, schedule_time, room, max_capacity, status) VALUES ('2bbea37f-2de1-4214-9282-8daf487e0bb9', 'P001', 'C002', 'SEM001', 'Wed 11am', '288', 313, 'completed');
INSERT INTO timetables (id, professor_sin, course_code, semester_id, schedule_time, room, max_capacity, status) VALUES ('86d9be6e-cd89-4b0b-998d-57c29e19e025', 'P010', 'C004', 'SEM002', 'Fri 1pm', '68206', 172, 'cancelled');
INSERT INTO timetables (id, professor_sin, course_code, semester_id, schedule_time, room, max_capacity, status) VALUES ('5836cd8a-ea57-4bc4-941a-8ed63ef7ef40', 'P003', 'C009', 'SEM003', 'Tue 10am', '238', 270, 'completed');
INSERT INTO timetables (id, professor_sin, course_code, semester_id, schedule_time, room, max_capacity, status) VALUES ('66b01205-e6dc-4b91-a0bf-e7631c30e2ae', 'P007', 'C003', 'SEM001', 'Thu 2pm', '6364', 236, 'cancelled');
INSERT INTO timetables (id, professor_sin, course_code, semester_id, schedule_time, room, max_capacity, status) VALUES ('dfb24fdc-c796-4da8-b86b-3bbab0bbc04d', 'P004', 'C003', 'SEM003', 'Tue 10am', '1558', 240, 'cancelled');
INSERT INTO timetables (id, professor_sin, course_code, semester_id, schedule_time, room, max_capacity, status) VALUES ('47bf3672-a2af-401b-9bdb-5a4dfd11f7d9', 'P001', 'C004', 'SEM003', 'Mon 9am', '8563', 232, 'active');
INSERT INTO timetables (id, professor_sin, course_code, semester_id, schedule_time, room, max_capacity, status) VALUES ('9024288b-eb0a-4c5c-aa16-3d9926c76789', 'P009', 'C008', 'SEM002', 'Mon 9am', '313', 200, 'active');
INSERT INTO timetables (id, professor_sin, course_code, semester_id, schedule_time, room, max_capacity, status) VALUES ('87f664f4-d0da-499a-8f88-b87130b90ec1', 'P002', 'C001', 'SEM003', 'Tue 10am', '40700', 26, 'completed');
INSERT INTO timetables (id, professor_sin, course_code, semester_id, schedule_time, room, max_capacity, status) VALUES ('2771230f-6204-4414-8ebd-afd8144c9ae0', 'P003', 'C009', 'SEM002', 'Mon 9am', '70979', 404, 'active');
INSERT INTO timetables (id, professor_sin, course_code, semester_id, schedule_time, room, max_capacity, status) VALUES ('09a92586-caf5-4e1a-a18a-d8e553017524', 'P006', 'C004', 'SEM002', 'Wed 11am', '9521', 115, 'active');
INSERT INTO timetables (id, professor_sin, course_code, semester_id, schedule_time, room, max_capacity, status) VALUES ('5c4d4c6b-6a86-472d-89e7-9f7912c28e39', 'P008', 'C008', 'SEM002', 'Mon 9am', '70050', 74, 'cancelled');
INSERT INTO timetables (id, professor_sin, course_code, semester_id, schedule_time, room, max_capacity, status) VALUES ('0c45f1a7-e2e8-4d85-aa9e-1a9c0eb46a89', 'P005', 'C004', 'SEM003', 'Wed 11am', '828', 124, 'completed');
INSERT INTO timetables (id, professor_sin, course_code, semester_id, schedule_time, room, max_capacity, status) VALUES ('70de1ce9-32d4-4c2d-98ad-77c3a8c46149', 'P006', 'C001', 'SEM001', 'Fri 1pm', '99841', 121, 'completed');
INSERT INTO timetables (id, professor_sin, course_code, semester_id, schedule_time, room, max_capacity, status) VALUES ('9f9feac3-6553-4b18-8257-5c47e58afcfa', 'P007', 'C010', 'SEM001', 'Thu 2pm', '40047', 426, 'cancelled');
INSERT INTO timetables (id, professor_sin, course_code, semester_id, schedule_time, room, max_capacity, status) VALUES ('70203be6-923d-4664-8c10-84dbac060129', 'P003', 'C010', 'SEM003', 'Mon 9am', '8352', 176, 'cancelled');
INSERT INTO timetables (id, professor_sin, course_code, semester_id, schedule_time, room, max_capacity, status) VALUES ('39036f49-34c4-42c7-bb8a-8d69a3e59e1c', 'P002', 'C009', 'SEM001', 'Wed 11am', '5392', 365, 'completed');
INSERT INTO timetables (id, professor_sin, course_code, semester_id, schedule_time, room, max_capacity, status) VALUES ('e32dfac2-47a8-4b70-bd85-77c89cdf9f07', 'P006', 'C002', 'SEM001', 'Fri 1pm', '7317', 269, 'active');
INSERT INTO timetables (id, professor_sin, course_code, semester_id, schedule_time, room, max_capacity, status) VALUES ('73550333-e178-4dc1-9580-6583a37bf341', 'P009', 'C002', 'SEM002', 'Wed 11am', '9338', 387, 'completed');
INSERT INTO timetables (id, professor_sin, course_code, semester_id, schedule_time, room, max_capacity, status) VALUES ('ed1fbeef-c870-4cdd-9cfe-2de2ca15c938', 'P009', 'C001', 'SEM002', 'Fri 1pm', '6330', 389, 'cancelled');
INSERT INTO timetables (id, professor_sin, course_code, semester_id, schedule_time, room, max_capacity, status) VALUES ('8491e735-cdc0-4e83-ab00-54562a6111bc', 'P001', 'C010', 'SEM003', 'Thu 2pm', '6254', 44, 'completed');
INSERT INTO timetables (id, professor_sin, course_code, semester_id, schedule_time, room, max_capacity, status) VALUES ('f8af78c3-0c4d-4884-9d41-9289747eb341', 'P006', 'C007', 'SEM002', 'Wed 11am', '528', 441, 'active');
INSERT INTO timetables (id, professor_sin, course_code, semester_id, schedule_time, room, max_capacity, status) VALUES ('4c14aa1c-334a-47b7-9e67-cb2329a32e0c', 'P006', 'C004', 'SEM003', 'Fri 1pm', '4444', 459, 'active');
INSERT INTO timetables (id, professor_sin, course_code, semester_id, schedule_time, room, max_capacity, status) VALUES ('bb0133d5-5a1c-4d66-82f5-72dafd1b8c7c', 'P007', 'C006', 'SEM003', 'Tue 10am', '297', 104, 'cancelled');
INSERT INTO timetables (id, professor_sin, course_code, semester_id, schedule_time, room, max_capacity, status) VALUES ('345a6eef-e9e4-4f35-a388-531d1fc3859d', 'P004', 'C006', 'SEM003', 'Wed 11am', '21659', 492, 'completed');
INSERT INTO timetables (id, professor_sin, course_code, semester_id, schedule_time, room, max_capacity, status) VALUES ('36c3d043-a096-4b3f-967a-f7c0b819b38d', 'P007', 'C007', 'SEM002', 'Mon 9am', '1831', 340, 'active');
INSERT INTO timetables (id, professor_sin, course_code, semester_id, schedule_time, room, max_capacity, status) VALUES ('6545be18-dcd6-4c9f-9191-5d9dc82c64d1', 'P006', 'C003', 'SEM003', 'Fri 1pm', '2954', 182, 'completed');

-- Student Enrollments
INSERT INTO student_enrollments (timetable_id, student_number, enrollment_date, status) VALUES ('ed1fbeef-c870-4cdd-9cfe-2de2ca15c938', 'S034', '2023-10-12', 'dropped');
INSERT INTO student_enrollments (timetable_id, student_number, enrollment_date, status) VALUES ('2771230f-6204-4414-8ebd-afd8144c9ae0', 'S114', '2024-08-09', 'completed');
INSERT INTO student_enrollments (timetable_id, student_number, enrollment_date, status) VALUES ('89e2b70b-08f7-4a5b-ba8b-2d35ef653813', 'S010', '2023-12-03', 'completed');
INSERT INTO student_enrollments (timetable_id, student_number, enrollment_date, status) VALUES ('8491e735-cdc0-4e83-ab00-54562a6111bc', 'S054', '2024-12-03', 'enrolled');
INSERT INTO student_enrollments (timetable_id, student_number, enrollment_date, status) VALUES ('afcd08e7-e662-401b-8b24-e7ab4dee06a4', 'S198', '2023-06-20', 'completed');
INSERT INTO student_enrollments (timetable_id, student_number, enrollment_date, status) VALUES ('70de1ce9-32d4-4c2d-98ad-77c3a8c46149', 'S033', '2023-07-15', 'enrolled');
INSERT INTO student_enrollments (timetable_id, student_number, enrollment_date, status) VALUES ('70203be6-923d-4664-8c10-84dbac060129', 'S086', '2023-12-04', 'enrolled');
INSERT INTO student_enrollments (timetable_id, student_number, enrollment_date, status) VALUES ('0c45f1a7-e2e8-4d85-aa9e-1a9c0eb46a89', 'S079', '2024-08-06', 'enrolled');
INSERT INTO student_enrollments (timetable_id, student_number, enrollment_date, status) VALUES ('ed1fbeef-c870-4cdd-9cfe-2de2ca15c938', 'S193', '2023-10-10', 'dropped');
INSERT INTO student_enrollments (timetable_id, student_number, enrollment_date, status) VALUES ('66b01205-e6dc-4b91-a0bf-e7631c30e2ae', 'S069', '2024-12-02', 'dropped');
INSERT INTO student_enrollments (timetable_id, student_number, enrollment_date, status) VALUES ('09a92586-caf5-4e1a-a18a-d8e553017524', 'S003', '2024-09-24', 'enrolled');
INSERT INTO student_enrollments (timetable_id, student_number, enrollment_date, status) VALUES ('345a6eef-e9e4-4f35-a388-531d1fc3859d', 'S112', '2023-08-14', 'enrolled');
INSERT INTO student_enrollments (timetable_id, student_number, enrollment_date, status) VALUES ('09a92586-caf5-4e1a-a18a-d8e553017524', 'S044', '2023-07-18', 'dropped');
INSERT INTO student_enrollments (timetable_id, student_number, enrollment_date, status) VALUES ('d1d61ff6-be15-4bef-aca1-58e1515b835f', 'S047', '2024-10-09', 'enrolled');
INSERT INTO student_enrollments (timetable_id, student_number, enrollment_date, status) VALUES ('9f9feac3-6553-4b18-8257-5c47e58afcfa', 'S049', '2024-09-20', 'enrolled');
INSERT INTO student_enrollments (timetable_id, student_number, enrollment_date, status) VALUES ('8491e735-cdc0-4e83-ab00-54562a6111bc', 'S067', '2023-11-06', 'dropped');
INSERT INTO student_enrollments (timetable_id, student_number, enrollment_date, status) VALUES ('09a92586-caf5-4e1a-a18a-d8e553017524', 'S184', '2024-04-28', 'completed');
INSERT INTO student_enrollments (timetable_id, student_number, enrollment_date, status) VALUES ('345a6eef-e9e4-4f35-a388-531d1fc3859d', 'S194', '2023-12-23', 'completed');
INSERT INTO student_enrollments (timetable_id, student_number, enrollment_date, status) VALUES ('f66300b3-1dc8-460a-8808-9688b26cb8f3', 'S108', '2024-05-28', 'enrolled');
INSERT INTO student_enrollments (timetable_id, student_number, enrollment_date, status) VALUES ('70de1ce9-32d4-4c2d-98ad-77c3a8c46149', 'S067', '2024-05-25', 'dropped');
INSERT INTO student_enrollments (timetable_id, student_number, enrollment_date, status) VALUES ('36c3d043-a096-4b3f-967a-f7c0b819b38d', 'S136', '2024-07-06', 'dropped');
INSERT INTO student_enrollments (timetable_id, student_number, enrollment_date, status) VALUES ('8491e735-cdc0-4e83-ab00-54562a6111bc', 'S155', '2024-04-14', 'dropped');
INSERT INTO student_enrollments (timetable_id, student_number, enrollment_date, status) VALUES ('89e2b70b-08f7-4a5b-ba8b-2d35ef653813', 'S032', '2025-02-27', 'dropped');
INSERT INTO student_enrollments (timetable_id, student_number, enrollment_date, status) VALUES ('09a92586-caf5-4e1a-a18a-d8e553017524', 'S115', '2024-09-22', 'dropped');
INSERT INTO student_enrollments (timetable_id, student_number, enrollment_date, status) VALUES ('8491e735-cdc0-4e83-ab00-54562a6111bc', 'S130', '2025-01-15', 'completed');
INSERT INTO student_enrollments (timetable_id, student_number, enrollment_date, status) VALUES ('70de1ce9-32d4-4c2d-98ad-77c3a8c46149', 'S149', '2025-05-10', 'completed');
INSERT INTO student_enrollments (timetable_id, student_number, enrollment_date, status) VALUES ('d1d61ff6-be15-4bef-aca1-58e1515b835f', 'S034', '2024-04-18', 'dropped');
INSERT INTO student_enrollments (timetable_id, student_number, enrollment_date, status) VALUES ('2bbea37f-2de1-4214-9282-8daf487e0bb9', 'S062', '2024-08-14', 'completed');
INSERT INTO student_enrollments (timetable_id, student_number, enrollment_date, status) VALUES ('5c4d4c6b-6a86-472d-89e7-9f7912c28e39', 'S064', '2023-11-10', 'dropped');
INSERT INTO student_enrollments (timetable_id, student_number, enrollment_date, status) VALUES ('f66300b3-1dc8-460a-8808-9688b26cb8f3', 'S123', '2024-01-07', 'dropped');
INSERT INTO student_enrollments (timetable_id, student_number, enrollment_date, status) VALUES ('dfb24fdc-c796-4da8-b86b-3bbab0bbc04d', 'S066', '2023-09-03', 'dropped');
INSERT INTO student_enrollments (timetable_id, student_number, enrollment_date, status) VALUES ('2bbea37f-2de1-4214-9282-8daf487e0bb9', 'S069', '2023-12-26', 'dropped');
INSERT INTO student_enrollments (timetable_id, student_number, enrollment_date, status) VALUES ('6545be18-dcd6-4c9f-9191-5d9dc82c64d1', 'S122', '2024-10-18', 'dropped');
INSERT INTO student_enrollments (timetable_id, student_number, enrollment_date, status) VALUES ('86d9be6e-cd89-4b0b-998d-57c29e19e025', 'S157', '2024-08-25', 'completed');
INSERT INTO student_enrollments (timetable_id, student_number, enrollment_date, status) VALUES ('e32dfac2-47a8-4b70-bd85-77c89cdf9f07', 'S024', '2024-02-15', 'dropped');
INSERT INTO student_enrollments (timetable_id, student_number, enrollment_date, status) VALUES ('2771230f-6204-4414-8ebd-afd8144c9ae0', 'S181', '2024-02-15', 'completed');
INSERT INTO student_enrollments (timetable_id, student_number, enrollment_date, status) VALUES ('345a6eef-e9e4-4f35-a388-531d1fc3859d', 'S197', '2023-10-04', 'dropped');
INSERT INTO student_enrollments (timetable_id, student_number, enrollment_date, status) VALUES ('5c4d4c6b-6a86-472d-89e7-9f7912c28e39', 'S109', '2024-03-02', 'dropped');
INSERT INTO student_enrollments (timetable_id, student_number, enrollment_date, status) VALUES ('d1d61ff6-be15-4bef-aca1-58e1515b835f', 'S134', '2023-11-05', 'completed');
INSERT INTO student_enrollments (timetable_id, student_number, enrollment_date, status) VALUES ('5c4d4c6b-6a86-472d-89e7-9f7912c28e39', 'S028', '2024-10-03', 'completed');
INSERT INTO student_enrollments (timetable_id, student_number, enrollment_date, status) VALUES ('f66300b3-1dc8-460a-8808-9688b26cb8f3', 'S005', '2025-03-29', 'completed');
INSERT INTO student_enrollments (timetable_id, student_number, enrollment_date, status) VALUES ('86d9be6e-cd89-4b0b-998d-57c29e19e025', 'S007', '2024-03-26', 'dropped');
INSERT INTO student_enrollments (timetable_id, student_number, enrollment_date, status) VALUES ('87f664f4-d0da-499a-8f88-b87130b90ec1', 'S080', '2024-09-07', 'enrolled');
INSERT INTO student_enrollments (timetable_id, student_number, enrollment_date, status) VALUES ('afcd08e7-e662-401b-8b24-e7ab4dee06a4', 'S089', '2023-06-25', 'dropped');
INSERT INTO student_enrollments (timetable_id, student_number, enrollment_date, status) VALUES ('73550333-e178-4dc1-9580-6583a37bf341', 'S049', '2025-04-07', 'dropped');
INSERT INTO student_enrollments (timetable_id, student_number, enrollment_date, status) VALUES ('bb0133d5-5a1c-4d66-82f5-72dafd1b8c7c', 'S047', '2024-01-06', 'completed');
INSERT INTO student_enrollments (timetable_id, student_number, enrollment_date, status) VALUES ('70203be6-923d-4664-8c10-84dbac060129', 'S058', '2024-05-16', 'completed');
INSERT INTO student_enrollments (timetable_id, student_number, enrollment_date, status) VALUES ('70de1ce9-32d4-4c2d-98ad-77c3a8c46149', 'S119', '2024-04-10', 'dropped');
INSERT INTO student_enrollments (timetable_id, student_number, enrollment_date, status) VALUES ('4c14aa1c-334a-47b7-9e67-cb2329a32e0c', 'S065', '2025-01-31', 'dropped');
INSERT INTO student_enrollments (timetable_id, student_number, enrollment_date, status) VALUES ('70de1ce9-32d4-4c2d-98ad-77c3a8c46149', 'S157', '2024-11-18', 'dropped');
INSERT INTO student_enrollments (timetable_id, student_number, enrollment_date, status) VALUES ('0c45f1a7-e2e8-4d85-aa9e-1a9c0eb46a89', 'S144', '2025-02-14', 'enrolled');
INSERT INTO student_enrollments (timetable_id, student_number, enrollment_date, status) VALUES ('73550333-e178-4dc1-9580-6583a37bf341', 'S142', '2024-09-26', 'enrolled');
INSERT INTO student_enrollments (timetable_id, student_number, enrollment_date, status) VALUES ('70de1ce9-32d4-4c2d-98ad-77c3a8c46149', 'S087', '2024-12-21', 'enrolled');
INSERT INTO student_enrollments (timetable_id, student_number, enrollment_date, status) VALUES ('ed1fbeef-c870-4cdd-9cfe-2de2ca15c938', 'S148', '2023-09-29', 'completed');
INSERT INTO student_enrollments (timetable_id, student_number, enrollment_date, status) VALUES ('39036f49-34c4-42c7-bb8a-8d69a3e59e1c', 'S119', '2023-11-15', 'completed');
INSERT INTO student_enrollments (timetable_id, student_number, enrollment_date, status) VALUES ('f8af78c3-0c4d-4884-9d41-9289747eb341', 'S037', '2025-05-20', 'completed');
INSERT INTO student_enrollments (timetable_id, student_number, enrollment_date, status) VALUES ('87f664f4-d0da-499a-8f88-b87130b90ec1', 'S031', '2024-07-10', 'enrolled');
INSERT INTO student_enrollments (timetable_id, student_number, enrollment_date, status) VALUES ('dfb24fdc-c796-4da8-b86b-3bbab0bbc04d', 'S110', '2023-10-31', 'completed');
INSERT INTO student_enrollments (timetable_id, student_number, enrollment_date, status) VALUES ('dfb24fdc-c796-4da8-b86b-3bbab0bbc04d', 'S089', '2025-06-11', 'dropped');
INSERT INTO student_enrollments (timetable_id, student_number, enrollment_date, status) VALUES ('345a6eef-e9e4-4f35-a388-531d1fc3859d', 'S152', '2024-04-23', 'enrolled');
INSERT INTO student_enrollments (timetable_id, student_number, enrollment_date, status) VALUES ('89e2b70b-08f7-4a5b-ba8b-2d35ef653813', 'S097', '2024-08-28', 'enrolled');
INSERT INTO student_enrollments (timetable_id, student_number, enrollment_date, status) VALUES ('9024288b-eb0a-4c5c-aa16-3d9926c76789', 'S144', '2024-07-14', 'dropped');
INSERT INTO student_enrollments (timetable_id, student_number, enrollment_date, status) VALUES ('87f664f4-d0da-499a-8f88-b87130b90ec1', 'S039', '2025-04-02', 'completed');
INSERT INTO student_enrollments (timetable_id, student_number, enrollment_date, status) VALUES ('73550333-e178-4dc1-9580-6583a37bf341', 'S085', '2023-12-06', 'completed');
INSERT INTO student_enrollments (timetable_id, student_number, enrollment_date, status) VALUES ('dfb24fdc-c796-4da8-b86b-3bbab0bbc04d', 'S083', '2024-11-19', 'dropped');
INSERT INTO student_enrollments (timetable_id, student_number, enrollment_date, status) VALUES ('2771230f-6204-4414-8ebd-afd8144c9ae0', 'S081', '2023-12-22', 'enrolled');
INSERT INTO student_enrollments (timetable_id, student_number, enrollment_date, status) VALUES ('0c45f1a7-e2e8-4d85-aa9e-1a9c0eb46a89', 'S184', '2024-07-16', 'completed');
INSERT INTO student_enrollments (timetable_id, student_number, enrollment_date, status) VALUES ('9f9feac3-6553-4b18-8257-5c47e58afcfa', 'S005', '2025-04-06', 'completed');
INSERT INTO student_enrollments (timetable_id, student_number, enrollment_date, status) VALUES ('5836cd8a-ea57-4bc4-941a-8ed63ef7ef40', 'S001', '2023-09-10', 'completed');
INSERT INTO student_enrollments (timetable_id, student_number, enrollment_date, status) VALUES ('9f9feac3-6553-4b18-8257-5c47e58afcfa', 'S067', '2024-03-17', 'completed');
INSERT INTO student_enrollments (timetable_id, student_number, enrollment_date, status) VALUES ('70203be6-923d-4664-8c10-84dbac060129', 'S090', '2024-01-11', 'enrolled');
INSERT INTO student_enrollments (timetable_id, student_number, enrollment_date, status) VALUES ('39036f49-34c4-42c7-bb8a-8d69a3e59e1c', 'S065', '2023-11-19', 'dropped');
INSERT INTO student_enrollments (timetable_id, student_number, enrollment_date, status) VALUES ('73550333-e178-4dc1-9580-6583a37bf341', 'S036', '2023-07-24', 'enrolled');
INSERT INTO student_enrollments (timetable_id, student_number, enrollment_date, status) VALUES ('87f664f4-d0da-499a-8f88-b87130b90ec1', 'S048', '2025-05-09', 'dropped');
INSERT INTO student_enrollments (timetable_id, student_number, enrollment_date, status) VALUES ('86d9be6e-cd89-4b0b-998d-57c29e19e025', 'S192', '2023-08-01', 'dropped');
INSERT INTO student_enrollments (timetable_id, student_number, enrollment_date, status) VALUES ('70203be6-923d-4664-8c10-84dbac060129', 'S013', '2023-12-23', 'enrolled');
INSERT INTO student_enrollments (timetable_id, student_number, enrollment_date, status) VALUES ('66b01205-e6dc-4b91-a0bf-e7631c30e2ae', 'S046', '2023-07-13', 'completed');
INSERT INTO student_enrollments (timetable_id, student_number, enrollment_date, status) VALUES ('9f9feac3-6553-4b18-8257-5c47e58afcfa', 'S057', '2024-01-31', 'dropped');
INSERT INTO student_enrollments (timetable_id, student_number, enrollment_date, status) VALUES ('4c14aa1c-334a-47b7-9e67-cb2329a32e0c', 'S076', '2024-08-13', 'enrolled');
INSERT INTO student_enrollments (timetable_id, student_number, enrollment_date, status) VALUES ('87f664f4-d0da-499a-8f88-b87130b90ec1', 'S089', '2024-03-21', 'enrolled');
INSERT INTO student_enrollments (timetable_id, student_number, enrollment_date, status) VALUES ('2bbea37f-2de1-4214-9282-8daf487e0bb9', 'S176', '2024-04-27', 'completed');
INSERT INTO student_enrollments (timetable_id, student_number, enrollment_date, status) VALUES ('afcd08e7-e662-401b-8b24-e7ab4dee06a4', 'S053', '2024-03-09', 'enrolled');
INSERT INTO student_enrollments (timetable_id, student_number, enrollment_date, status) VALUES ('bb0133d5-5a1c-4d66-82f5-72dafd1b8c7c', 'S126', '2023-10-25', 'completed');
INSERT INTO student_enrollments (timetable_id, student_number, enrollment_date, status) VALUES ('66b01205-e6dc-4b91-a0bf-e7631c30e2ae', 'S106', '2025-04-26', 'dropped');
INSERT INTO student_enrollments (timetable_id, student_number, enrollment_date, status) VALUES ('9024288b-eb0a-4c5c-aa16-3d9926c76789', 'S095', '2024-04-12', 'completed');
INSERT INTO student_enrollments (timetable_id, student_number, enrollment_date, status) VALUES ('89e2b70b-08f7-4a5b-ba8b-2d35ef653813', 'S131', '2025-02-13', 'completed');
INSERT INTO student_enrollments (timetable_id, student_number, enrollment_date, status) VALUES ('6545be18-dcd6-4c9f-9191-5d9dc82c64d1', 'S193', '2023-11-06', 'dropped');
INSERT INTO student_enrollments (timetable_id, student_number, enrollment_date, status) VALUES ('e32dfac2-47a8-4b70-bd85-77c89cdf9f07', 'S069', '2024-02-12', 'dropped');
INSERT INTO student_enrollments (timetable_id, student_number, enrollment_date, status) VALUES ('2bbea37f-2de1-4214-9282-8daf487e0bb9', 'S057', '2023-08-04', 'completed');
INSERT INTO student_enrollments (timetable_id, student_number, enrollment_date, status) VALUES ('f66300b3-1dc8-460a-8808-9688b26cb8f3', 'S138', '2024-08-22', 'completed');
INSERT INTO student_enrollments (timetable_id, student_number, enrollment_date, status) VALUES ('73550333-e178-4dc1-9580-6583a37bf341', 'S029', '2025-03-17', 'enrolled');
INSERT INTO student_enrollments (timetable_id, student_number, enrollment_date, status) VALUES ('47bf3672-a2af-401b-9bdb-5a4dfd11f7d9', 'S137', '2024-10-16', 'dropped');
INSERT INTO student_enrollments (timetable_id, student_number, enrollment_date, status) VALUES ('ed1fbeef-c870-4cdd-9cfe-2de2ca15c938', 'S175', '2023-07-27', 'dropped');
INSERT INTO student_enrollments (timetable_id, student_number, enrollment_date, status) VALUES ('0c45f1a7-e2e8-4d85-aa9e-1a9c0eb46a89', 'S002', '2024-09-24', 'enrolled');
INSERT INTO student_enrollments (timetable_id, student_number, enrollment_date, status) VALUES ('66b01205-e6dc-4b91-a0bf-e7631c30e2ae', 'S091', '2024-01-27', 'dropped');
INSERT INTO student_enrollments (timetable_id, student_number, enrollment_date, status) VALUES ('70de1ce9-32d4-4c2d-98ad-77c3a8c46149', 'S176', '2024-08-27', 'dropped');
INSERT INTO student_enrollments (timetable_id, student_number, enrollment_date, status) VALUES ('87f664f4-d0da-499a-8f88-b87130b90ec1', 'S082', '2025-01-10', 'completed');
INSERT INTO student_enrollments (timetable_id, student_number, enrollment_date, status) VALUES ('70de1ce9-32d4-4c2d-98ad-77c3a8c46149', 'S056', '2025-04-15', 'dropped');
INSERT INTO student_enrollments (timetable_id, student_number, enrollment_date, status) VALUES ('8491e735-cdc0-4e83-ab00-54562a6111bc', 'S036', '2023-07-26', 'dropped');
INSERT INTO student_enrollments (timetable_id, student_number, enrollment_date, status) VALUES ('36c3d043-a096-4b3f-967a-f7c0b819b38d', 'S187', '2024-10-10', 'completed');
INSERT INTO student_enrollments (timetable_id, student_number, enrollment_date, status) VALUES ('9f9feac3-6553-4b18-8257-5c47e58afcfa', 'S189', '2025-06-15', 'completed');
INSERT INTO student_enrollments (timetable_id, student_number, enrollment_date, status) VALUES ('4c14aa1c-334a-47b7-9e67-cb2329a32e0c', 'S196', '2024-10-21', 'enrolled');
INSERT INTO student_enrollments (timetable_id, student_number, enrollment_date, status) VALUES ('2bbea37f-2de1-4214-9282-8daf487e0bb9', 'S127', '2024-05-24', 'enrolled');
INSERT INTO student_enrollments (timetable_id, student_number, enrollment_date, status) VALUES ('47bf3672-a2af-401b-9bdb-5a4dfd11f7d9', 'S101', '2025-02-10', 'dropped');
INSERT INTO student_enrollments (timetable_id, student_number, enrollment_date, status) VALUES ('89e2b70b-08f7-4a5b-ba8b-2d35ef653813', 'S049', '2024-04-06', 'enrolled');
INSERT INTO student_enrollments (timetable_id, student_number, enrollment_date, status) VALUES ('345a6eef-e9e4-4f35-a388-531d1fc3859d', 'S155', '2023-09-02', 'dropped');
INSERT INTO student_enrollments (timetable_id, student_number, enrollment_date, status) VALUES ('47bf3672-a2af-401b-9bdb-5a4dfd11f7d9', 'S021', '2024-10-25', 'enrolled');
INSERT INTO student_enrollments (timetable_id, student_number, enrollment_date, status) VALUES ('6545be18-dcd6-4c9f-9191-5d9dc82c64d1', 'S050', '2023-07-12', 'dropped');
INSERT INTO student_enrollments (timetable_id, student_number, enrollment_date, status) VALUES ('5836cd8a-ea57-4bc4-941a-8ed63ef7ef40', 'S057', '2024-08-19', 'completed');
INSERT INTO student_enrollments (timetable_id, student_number, enrollment_date, status) VALUES ('f66300b3-1dc8-460a-8808-9688b26cb8f3', 'S102', '2023-09-19', 'enrolled');
INSERT INTO student_enrollments (timetable_id, student_number, enrollment_date, status) VALUES ('36c3d043-a096-4b3f-967a-f7c0b819b38d', 'S118', '2024-03-06', 'dropped');
INSERT INTO student_enrollments (timetable_id, student_number, enrollment_date, status) VALUES ('5836cd8a-ea57-4bc4-941a-8ed63ef7ef40', 'S145', '2025-05-05', 'completed');
INSERT INTO student_enrollments (timetable_id, student_number, enrollment_date, status) VALUES ('87f664f4-d0da-499a-8f88-b87130b90ec1', 'S078', '2023-10-18', 'completed');
INSERT INTO student_enrollments (timetable_id, student_number, enrollment_date, status) VALUES ('5836cd8a-ea57-4bc4-941a-8ed63ef7ef40', 'S016', '2025-02-20', 'dropped');
INSERT INTO student_enrollments (timetable_id, student_number, enrollment_date, status) VALUES ('2771230f-6204-4414-8ebd-afd8144c9ae0', 'S105', '2023-11-21', 'dropped');
INSERT INTO student_enrollments (timetable_id, student_number, enrollment_date, status) VALUES ('86d9be6e-cd89-4b0b-998d-57c29e19e025', 'S010', '2024-11-10', 'enrolled');
INSERT INTO student_enrollments (timetable_id, student_number, enrollment_date, status) VALUES ('87f664f4-d0da-499a-8f88-b87130b90ec1', 'S045', '2024-01-01', 'enrolled');
INSERT INTO student_enrollments (timetable_id, student_number, enrollment_date, status) VALUES ('afcd08e7-e662-401b-8b24-e7ab4dee06a4', 'S182', '2024-02-03', 'completed');
INSERT INTO student_enrollments (timetable_id, student_number, enrollment_date, status) VALUES ('5c4d4c6b-6a86-472d-89e7-9f7912c28e39', 'S047', '2023-10-31', 'dropped');
INSERT INTO student_enrollments (timetable_id, student_number, enrollment_date, status) VALUES ('2bbea37f-2de1-4214-9282-8daf487e0bb9', 'S164', '2023-12-12', 'completed');
INSERT INTO student_enrollments (timetable_id, student_number, enrollment_date, status) VALUES ('6545be18-dcd6-4c9f-9191-5d9dc82c64d1', 'S183', '2024-01-08', 'dropped');
INSERT INTO student_enrollments (timetable_id, student_number, enrollment_date, status) VALUES ('f8af78c3-0c4d-4884-9d41-9289747eb341', 'S071', '2025-04-14', 'completed');
INSERT INTO student_enrollments (timetable_id, student_number, enrollment_date, status) VALUES ('ed1fbeef-c870-4cdd-9cfe-2de2ca15c938', 'S166', '2024-11-16', 'completed');
INSERT INTO student_enrollments (timetable_id, student_number, enrollment_date, status) VALUES ('6545be18-dcd6-4c9f-9191-5d9dc82c64d1', 'S103', '2024-08-27', 'enrolled');
INSERT INTO student_enrollments (timetable_id, student_number, enrollment_date, status) VALUES ('0c45f1a7-e2e8-4d85-aa9e-1a9c0eb46a89', 'S162', '2023-08-11', 'enrolled');
INSERT INTO student_enrollments (timetable_id, student_number, enrollment_date, status) VALUES ('73550333-e178-4dc1-9580-6583a37bf341', 'S163', '2023-10-08', 'enrolled');
INSERT INTO student_enrollments (timetable_id, student_number, enrollment_date, status) VALUES ('f8af78c3-0c4d-4884-9d41-9289747eb341', 'S068', '2025-02-18', 'completed');
INSERT INTO student_enrollments (timetable_id, student_number, enrollment_date, status) VALUES ('09a92586-caf5-4e1a-a18a-d8e553017524', 'S008', '2024-01-30', 'dropped');
INSERT INTO student_enrollments (timetable_id, student_number, enrollment_date, status) VALUES ('47bf3672-a2af-401b-9bdb-5a4dfd11f7d9', 'S174', '2023-12-07', 'dropped');
INSERT INTO student_enrollments (timetable_id, student_number, enrollment_date, status) VALUES ('36c3d043-a096-4b3f-967a-f7c0b819b38d', 'S153', '2024-10-10', 'completed');
INSERT INTO student_enrollments (timetable_id, student_number, enrollment_date, status) VALUES ('36c3d043-a096-4b3f-967a-f7c0b819b38d', 'S112', '2024-04-22', 'enrolled');
INSERT INTO student_enrollments (timetable_id, student_number, enrollment_date, status) VALUES ('ed1fbeef-c870-4cdd-9cfe-2de2ca15c938', 'S096', '2025-04-13', 'enrolled');
INSERT INTO student_enrollments (timetable_id, student_number, enrollment_date, status) VALUES ('9f9feac3-6553-4b18-8257-5c47e58afcfa', 'S190', '2024-03-06', 'dropped');
INSERT INTO student_enrollments (timetable_id, student_number, enrollment_date, status) VALUES ('86d9be6e-cd89-4b0b-998d-57c29e19e025', 'S086', '2024-12-18', 'dropped');
INSERT INTO student_enrollments (timetable_id, student_number, enrollment_date, status) VALUES ('5836cd8a-ea57-4bc4-941a-8ed63ef7ef40', 'S166', '2025-03-03', 'completed');
INSERT INTO student_enrollments (timetable_id, student_number, enrollment_date, status) VALUES ('47bf3672-a2af-401b-9bdb-5a4dfd11f7d9', 'S031', '2025-02-10', 'completed');
INSERT INTO student_enrollments (timetable_id, student_number, enrollment_date, status) VALUES ('89e2b70b-08f7-4a5b-ba8b-2d35ef653813', 'S128', '2023-07-06', 'dropped');
INSERT INTO student_enrollments (timetable_id, student_number, enrollment_date, status) VALUES ('e32dfac2-47a8-4b70-bd85-77c89cdf9f07', 'S133', '2023-12-22', 'dropped');
INSERT INTO student_enrollments (timetable_id, student_number, enrollment_date, status) VALUES ('5836cd8a-ea57-4bc4-941a-8ed63ef7ef40', 'S194', '2024-12-27', 'completed');
INSERT INTO student_enrollments (timetable_id, student_number, enrollment_date, status) VALUES ('4c14aa1c-334a-47b7-9e67-cb2329a32e0c', 'S169', '2023-08-15', 'enrolled');
INSERT INTO student_enrollments (timetable_id, student_number, enrollment_date, status) VALUES ('47bf3672-a2af-401b-9bdb-5a4dfd11f7d9', 'S085', '2023-11-20', 'completed');
INSERT INTO student_enrollments (timetable_id, student_number, enrollment_date, status) VALUES ('89e2b70b-08f7-4a5b-ba8b-2d35ef653813', 'S062', '2023-08-09', 'enrolled');
INSERT INTO student_enrollments (timetable_id, student_number, enrollment_date, status) VALUES ('5c4d4c6b-6a86-472d-89e7-9f7912c28e39', 'S087', '2024-05-14', 'enrolled');
INSERT INTO student_enrollments (timetable_id, student_number, enrollment_date, status) VALUES ('73550333-e178-4dc1-9580-6583a37bf341', 'S172', '2023-10-25', 'dropped');
INSERT INTO student_enrollments (timetable_id, student_number, enrollment_date, status) VALUES ('5c4d4c6b-6a86-472d-89e7-9f7912c28e39', 'S062', '2024-04-10', 'enrolled');
INSERT INTO student_enrollments (timetable_id, student_number, enrollment_date, status) VALUES ('dfb24fdc-c796-4da8-b86b-3bbab0bbc04d', 'S024', '2024-05-19', 'enrolled');
INSERT INTO student_enrollments (timetable_id, student_number, enrollment_date, status) VALUES ('09a92586-caf5-4e1a-a18a-d8e553017524', 'S053', '2024-01-09', 'dropped');
INSERT INTO student_enrollments (timetable_id, student_number, enrollment_date, status) VALUES ('9024288b-eb0a-4c5c-aa16-3d9926c76789', 'S119', '2023-08-06', 'completed');
INSERT INTO student_enrollments (timetable_id, student_number, enrollment_date, status) VALUES ('345a6eef-e9e4-4f35-a388-531d1fc3859d', 'S070', '2023-09-11', 'enrolled');
INSERT INTO student_enrollments (timetable_id, student_number, enrollment_date, status) VALUES ('2bbea37f-2de1-4214-9282-8daf487e0bb9', 'S006', '2025-06-11', 'enrolled');
INSERT INTO student_enrollments (timetable_id, student_number, enrollment_date, status) VALUES ('5836cd8a-ea57-4bc4-941a-8ed63ef7ef40', 'S037', '2025-04-27', 'enrolled');
INSERT INTO student_enrollments (timetable_id, student_number, enrollment_date, status) VALUES ('86d9be6e-cd89-4b0b-998d-57c29e19e025', 'S158', '2023-07-20', 'enrolled');
INSERT INTO student_enrollments (timetable_id, student_number, enrollment_date, status) VALUES ('bb0133d5-5a1c-4d66-82f5-72dafd1b8c7c', 'S046', '2024-01-16', 'enrolled');
INSERT INTO student_enrollments (timetable_id, student_number, enrollment_date, status) VALUES ('9f9feac3-6553-4b18-8257-5c47e58afcfa', 'S145', '2025-06-16', 'completed');
INSERT INTO student_enrollments (timetable_id, student_number, enrollment_date, status) VALUES ('86d9be6e-cd89-4b0b-998d-57c29e19e025', 'S135', '2024-05-31', 'enrolled');
INSERT INTO student_enrollments (timetable_id, student_number, enrollment_date, status) VALUES ('87f664f4-d0da-499a-8f88-b87130b90ec1', 'S002', '2024-05-24', 'enrolled');
INSERT INTO student_enrollments (timetable_id, student_number, enrollment_date, status) VALUES ('2bbea37f-2de1-4214-9282-8daf487e0bb9', 'S030', '2023-12-01', 'completed');
INSERT INTO student_enrollments (timetable_id, student_number, enrollment_date, status) VALUES ('2771230f-6204-4414-8ebd-afd8144c9ae0', 'S021', '2023-08-13', 'dropped');
INSERT INTO student_enrollments (timetable_id, student_number, enrollment_date, status) VALUES ('5836cd8a-ea57-4bc4-941a-8ed63ef7ef40', 'S170', '2024-07-08', 'enrolled');
INSERT INTO student_enrollments (timetable_id, student_number, enrollment_date, status) VALUES ('e32dfac2-47a8-4b70-bd85-77c89cdf9f07', 'S135', '2025-05-21', 'enrolled');
INSERT INTO student_enrollments (timetable_id, student_number, enrollment_date, status) VALUES ('345a6eef-e9e4-4f35-a388-531d1fc3859d', 'S133', '2024-11-16', 'enrolled');
INSERT INTO student_enrollments (timetable_id, student_number, enrollment_date, status) VALUES ('e32dfac2-47a8-4b70-bd85-77c89cdf9f07', 'S007', '2024-03-04', 'dropped');
INSERT INTO student_enrollments (timetable_id, student_number, enrollment_date, status) VALUES ('ed1fbeef-c870-4cdd-9cfe-2de2ca15c938', 'S117', '2024-02-19', 'enrolled');
INSERT INTO student_enrollments (timetable_id, student_number, enrollment_date, status) VALUES ('66b01205-e6dc-4b91-a0bf-e7631c30e2ae', 'S199', '2024-05-26', 'dropped');
INSERT INTO student_enrollments (timetable_id, student_number, enrollment_date, status) VALUES ('345a6eef-e9e4-4f35-a388-531d1fc3859d', 'S171', '2024-01-02', 'enrolled');
INSERT INTO student_enrollments (timetable_id, student_number, enrollment_date, status) VALUES ('73550333-e178-4dc1-9580-6583a37bf341', 'S134', '2023-07-13', 'dropped');
INSERT INTO student_enrollments (timetable_id, student_number, enrollment_date, status) VALUES ('09a92586-caf5-4e1a-a18a-d8e553017524', 'S131', '2024-08-16', 'completed');
INSERT INTO student_enrollments (timetable_id, student_number, enrollment_date, status) VALUES ('2771230f-6204-4414-8ebd-afd8144c9ae0', 'S137', '2025-03-15', 'enrolled');
INSERT INTO student_enrollments (timetable_id, student_number, enrollment_date, status) VALUES ('47bf3672-a2af-401b-9bdb-5a4dfd11f7d9', 'S171', '2023-06-20', 'enrolled');
INSERT INTO student_enrollments (timetable_id, student_number, enrollment_date, status) VALUES ('e32dfac2-47a8-4b70-bd85-77c89cdf9f07', 'S092', '2024-02-03', 'enrolled');
INSERT INTO student_enrollments (timetable_id, student_number, enrollment_date, status) VALUES ('f8af78c3-0c4d-4884-9d41-9289747eb341', 'S096', '2025-05-12', 'dropped');
INSERT INTO student_enrollments (timetable_id, student_number, enrollment_date, status) VALUES ('39036f49-34c4-42c7-bb8a-8d69a3e59e1c', 'S140', '2024-08-15', 'completed');
INSERT INTO student_enrollments (timetable_id, student_number, enrollment_date, status) VALUES ('bb0133d5-5a1c-4d66-82f5-72dafd1b8c7c', 'S066', '2024-07-05', 'dropped');
INSERT INTO student_enrollments (timetable_id, student_number, enrollment_date, status) VALUES ('6545be18-dcd6-4c9f-9191-5d9dc82c64d1', 'S189', '2024-07-26', 'dropped');
INSERT INTO student_enrollments (timetable_id, student_number, enrollment_date, status) VALUES ('70203be6-923d-4664-8c10-84dbac060129', 'S150', '2024-07-17', 'completed');
INSERT INTO student_enrollments (timetable_id, student_number, enrollment_date, status) VALUES ('5836cd8a-ea57-4bc4-941a-8ed63ef7ef40', 'S060', '2024-11-18', 'completed');
INSERT INTO student_enrollments (timetable_id, student_number, enrollment_date, status) VALUES ('e32dfac2-47a8-4b70-bd85-77c89cdf9f07', 'S009', '2024-03-05', 'completed');
INSERT INTO student_enrollments (timetable_id, student_number, enrollment_date, status) VALUES ('09a92586-caf5-4e1a-a18a-d8e553017524', 'S015', '2023-07-10', 'completed');
INSERT INTO student_enrollments (timetable_id, student_number, enrollment_date, status) VALUES ('5836cd8a-ea57-4bc4-941a-8ed63ef7ef40', 'S175', '2024-11-07', 'completed');
INSERT INTO student_enrollments (timetable_id, student_number, enrollment_date, status) VALUES ('8491e735-cdc0-4e83-ab00-54562a6111bc', 'S064', '2024-01-17', 'dropped');
INSERT INTO student_enrollments (timetable_id, student_number, enrollment_date, status) VALUES ('2bbea37f-2de1-4214-9282-8daf487e0bb9', 'S038', '2024-07-14', 'enrolled');
INSERT INTO student_enrollments (timetable_id, student_number, enrollment_date, status) VALUES ('0c45f1a7-e2e8-4d85-aa9e-1a9c0eb46a89', 'S014', '2025-01-20', 'dropped');
INSERT INTO student_enrollments (timetable_id, student_number, enrollment_date, status) VALUES ('0c45f1a7-e2e8-4d85-aa9e-1a9c0eb46a89', 'S070', '2023-12-23', 'dropped');
INSERT INTO student_enrollments (timetable_id, student_number, enrollment_date, status) VALUES ('f66300b3-1dc8-460a-8808-9688b26cb8f3', 'S079', '2025-04-12', 'completed');
INSERT INTO student_enrollments (timetable_id, student_number, enrollment_date, status) VALUES ('9f9feac3-6553-4b18-8257-5c47e58afcfa', 'S012', '2024-04-23', 'enrolled');
INSERT INTO student_enrollments (timetable_id, student_number, enrollment_date, status) VALUES ('6545be18-dcd6-4c9f-9191-5d9dc82c64d1', 'S173', '2024-02-18', 'enrolled');
INSERT INTO student_enrollments (timetable_id, student_number, enrollment_date, status) VALUES ('f8af78c3-0c4d-4884-9d41-9289747eb341', 'S002', '2024-06-29', 'completed');
INSERT INTO student_enrollments (timetable_id, student_number, enrollment_date, status) VALUES ('e32dfac2-47a8-4b70-bd85-77c89cdf9f07', 'S190', '2023-11-12', 'enrolled');
INSERT INTO student_enrollments (timetable_id, student_number, enrollment_date, status) VALUES ('0c45f1a7-e2e8-4d85-aa9e-1a9c0eb46a89', 'S016', '2024-07-22', 'dropped');
INSERT INTO student_enrollments (timetable_id, student_number, enrollment_date, status) VALUES ('d1d61ff6-be15-4bef-aca1-58e1515b835f', 'S042', '2024-07-29', 'completed');
INSERT INTO student_enrollments (timetable_id, student_number, enrollment_date, status) VALUES ('87f664f4-d0da-499a-8f88-b87130b90ec1', 'S159', '2023-08-19', 'dropped');
INSERT INTO student_enrollments (timetable_id, student_number, enrollment_date, status) VALUES ('9f9feac3-6553-4b18-8257-5c47e58afcfa', 'S114', '2024-01-15', 'enrolled');
INSERT INTO student_enrollments (timetable_id, student_number, enrollment_date, status) VALUES ('5836cd8a-ea57-4bc4-941a-8ed63ef7ef40', 'S178', '2024-12-04', 'enrolled');
INSERT INTO student_enrollments (timetable_id, student_number, enrollment_date, status) VALUES ('70203be6-923d-4664-8c10-84dbac060129', 'S160', '2024-05-08', 'dropped');
INSERT INTO student_enrollments (timetable_id, student_number, enrollment_date, status) VALUES ('afcd08e7-e662-401b-8b24-e7ab4dee06a4', 'S134', '2025-01-16', 'completed');
INSERT INTO student_enrollments (timetable_id, student_number, enrollment_date, status) VALUES ('9f9feac3-6553-4b18-8257-5c47e58afcfa', 'S131', '2024-06-05', 'enrolled');
INSERT INTO student_enrollments (timetable_id, student_number, enrollment_date, status) VALUES ('70203be6-923d-4664-8c10-84dbac060129', 'S049', '2024-01-01', 'enrolled');
INSERT INTO student_enrollments (timetable_id, student_number, enrollment_date, status) VALUES ('5c4d4c6b-6a86-472d-89e7-9f7912c28e39', 'S039', '2024-11-10', 'enrolled');
INSERT INTO student_enrollments (timetable_id, student_number, enrollment_date, status) VALUES ('39036f49-34c4-42c7-bb8a-8d69a3e59e1c', 'S083', '2024-01-15', 'enrolled');
INSERT INTO student_enrollments (timetable_id, student_number, enrollment_date, status) VALUES ('345a6eef-e9e4-4f35-a388-531d1fc3859d', 'S072', '2024-06-05', 'completed');
INSERT INTO student_enrollments (timetable_id, student_number, enrollment_date, status) VALUES ('dfb24fdc-c796-4da8-b86b-3bbab0bbc04d', 'S102', '2025-05-31', 'dropped');
INSERT INTO student_enrollments (timetable_id, student_number, enrollment_date, status) VALUES ('ed1fbeef-c870-4cdd-9cfe-2de2ca15c938', 'S060', '2024-01-17', 'dropped');
INSERT INTO student_enrollments (timetable_id, student_number, enrollment_date, status) VALUES ('73550333-e178-4dc1-9580-6583a37bf341', 'S010', '2025-01-08', 'dropped');
INSERT INTO student_enrollments (timetable_id, student_number, enrollment_date, status) VALUES ('9024288b-eb0a-4c5c-aa16-3d9926c76789', 'S051', '2025-02-17', 'enrolled');
INSERT INTO student_enrollments (timetable_id, student_number, enrollment_date, status) VALUES ('87f664f4-d0da-499a-8f88-b87130b90ec1', 'S006', '2023-09-20', 'completed');
INSERT INTO student_enrollments (timetable_id, student_number, enrollment_date, status) VALUES ('e32dfac2-47a8-4b70-bd85-77c89cdf9f07', 'S193', '2024-11-29', 'completed');
INSERT INTO student_enrollments (timetable_id, student_number, enrollment_date, status) VALUES ('70de1ce9-32d4-4c2d-98ad-77c3a8c46149', 'S185', '2024-01-29', 'completed');
INSERT INTO student_enrollments (timetable_id, student_number, enrollment_date, status) VALUES ('5c4d4c6b-6a86-472d-89e7-9f7912c28e39', 'S102', '2023-09-03', 'enrolled');
INSERT INTO student_enrollments (timetable_id, student_number, enrollment_date, status) VALUES ('66b01205-e6dc-4b91-a0bf-e7631c30e2ae', 'S078', '2023-11-01', 'dropped');
INSERT INTO student_enrollments (timetable_id, student_number, enrollment_date, status) VALUES ('36c3d043-a096-4b3f-967a-f7c0b819b38d', 'S137', '2024-12-16', 'enrolled');
INSERT INTO student_enrollments (timetable_id, student_number, enrollment_date, status) VALUES ('39036f49-34c4-42c7-bb8a-8d69a3e59e1c', 'S175', '2024-05-24', 'dropped');
INSERT INTO student_enrollments (timetable_id, student_number, enrollment_date, status) VALUES ('70de1ce9-32d4-4c2d-98ad-77c3a8c46149', 'S017', '2023-09-17', 'dropped');
INSERT INTO student_enrollments (timetable_id, student_number, enrollment_date, status) VALUES ('bb0133d5-5a1c-4d66-82f5-72dafd1b8c7c', 'S129', '2024-10-18', 'completed');
INSERT INTO student_enrollments (timetable_id, student_number, enrollment_date, status) VALUES ('5836cd8a-ea57-4bc4-941a-8ed63ef7ef40', 'S034', '2024-04-16', 'enrolled');
INSERT INTO student_enrollments (timetable_id, student_number, enrollment_date, status) VALUES ('5c4d4c6b-6a86-472d-89e7-9f7912c28e39', 'S029', '2024-02-01', 'enrolled');
INSERT INTO student_enrollments (timetable_id, student_number, enrollment_date, status) VALUES ('86d9be6e-cd89-4b0b-998d-57c29e19e025', 'S185', '2024-06-11', 'completed');
INSERT INTO student_enrollments (timetable_id, student_number, enrollment_date, status) VALUES ('dfb24fdc-c796-4da8-b86b-3bbab0bbc04d', 'S101', '2024-04-01', 'enrolled');
INSERT INTO student_enrollments (timetable_id, student_number, enrollment_date, status) VALUES ('f8af78c3-0c4d-4884-9d41-9289747eb341', 'S056', '2024-12-18', 'completed');
INSERT INTO student_enrollments (timetable_id, student_number, enrollment_date, status) VALUES ('dfb24fdc-c796-4da8-b86b-3bbab0bbc04d', 'S121', '2024-08-26', 'enrolled');
INSERT INTO student_enrollments (timetable_id, student_number, enrollment_date, status) VALUES ('73550333-e178-4dc1-9580-6583a37bf341', 'S089', '2024-05-18', 'completed');
INSERT INTO student_enrollments (timetable_id, student_number, enrollment_date, status) VALUES ('5836cd8a-ea57-4bc4-941a-8ed63ef7ef40', 'S014', '2023-06-28', 'dropped');
INSERT INTO student_enrollments (timetable_id, student_number, enrollment_date, status) VALUES ('4c14aa1c-334a-47b7-9e67-cb2329a32e0c', 'S090', '2023-07-10', 'enrolled');
INSERT INTO student_enrollments (timetable_id, student_number, enrollment_date, status) VALUES ('4c14aa1c-334a-47b7-9e67-cb2329a32e0c', 'S197', '2023-11-13', 'completed');
INSERT INTO student_enrollments (timetable_id, student_number, enrollment_date, status) VALUES ('0c45f1a7-e2e8-4d85-aa9e-1a9c0eb46a89', 'S085', '2025-02-07', 'enrolled');
INSERT INTO student_enrollments (timetable_id, student_number, enrollment_date, status) VALUES ('9f9feac3-6553-4b18-8257-5c47e58afcfa', 'S184', '2023-08-30', 'enrolled');
INSERT INTO student_enrollments (timetable_id, student_number, enrollment_date, status) VALUES ('f8af78c3-0c4d-4884-9d41-9289747eb341', 'S124', '2025-06-03', 'enrolled');
INSERT INTO student_enrollments (timetable_id, student_number, enrollment_date, status) VALUES ('f8af78c3-0c4d-4884-9d41-9289747eb341', 'S015', '2025-04-20', 'completed');
INSERT INTO student_enrollments (timetable_id, student_number, enrollment_date, status) VALUES ('66b01205-e6dc-4b91-a0bf-e7631c30e2ae', 'S178', '2023-10-20', 'completed');
INSERT INTO student_enrollments (timetable_id, student_number, enrollment_date, status) VALUES ('89e2b70b-08f7-4a5b-ba8b-2d35ef653813', 'S189', '2023-09-05', 'dropped');
INSERT INTO student_enrollments (timetable_id, student_number, enrollment_date, status) VALUES ('5c4d4c6b-6a86-472d-89e7-9f7912c28e39', 'S166', '2024-05-07', 'dropped');
INSERT INTO student_enrollments (timetable_id, student_number, enrollment_date, status) VALUES ('70203be6-923d-4664-8c10-84dbac060129', 'S190', '2024-02-18', 'completed');
INSERT INTO student_enrollments (timetable_id, student_number, enrollment_date, status) VALUES ('2771230f-6204-4414-8ebd-afd8144c9ae0', 'S111', '2024-03-15', 'completed');
INSERT INTO student_enrollments (timetable_id, student_number, enrollment_date, status) VALUES ('0c45f1a7-e2e8-4d85-aa9e-1a9c0eb46a89', 'S030', '2025-02-18', 'completed');
INSERT INTO student_enrollments (timetable_id, student_number, enrollment_date, status) VALUES ('87f664f4-d0da-499a-8f88-b87130b90ec1', 'S095', '2023-08-09', 'enrolled');
INSERT INTO student_enrollments (timetable_id, student_number, enrollment_date, status) VALUES ('8491e735-cdc0-4e83-ab00-54562a6111bc', 'S074', '2025-03-25', 'completed');
INSERT INTO student_enrollments (timetable_id, student_number, enrollment_date, status) VALUES ('4c14aa1c-334a-47b7-9e67-cb2329a32e0c', 'S078', '2025-05-01', 'dropped');
INSERT INTO student_enrollments (timetable_id, student_number, enrollment_date, status) VALUES ('345a6eef-e9e4-4f35-a388-531d1fc3859d', 'S187', '2024-09-15', 'enrolled');
INSERT INTO student_enrollments (timetable_id, student_number, enrollment_date, status) VALUES ('6545be18-dcd6-4c9f-9191-5d9dc82c64d1', 'S115', '2024-08-05', 'dropped');
INSERT INTO student_enrollments (timetable_id, student_number, enrollment_date, status) VALUES ('dfb24fdc-c796-4da8-b86b-3bbab0bbc04d', 'S199', '2023-12-04', 'dropped');
INSERT INTO student_enrollments (timetable_id, student_number, enrollment_date, status) VALUES ('09a92586-caf5-4e1a-a18a-d8e553017524', 'S102', '2024-04-24', 'enrolled');
INSERT INTO student_enrollments (timetable_id, student_number, enrollment_date, status) VALUES ('70203be6-923d-4664-8c10-84dbac060129', 'S057', '2024-04-23', 'dropped');
INSERT INTO student_enrollments (timetable_id, student_number, enrollment_date, status) VALUES ('0c45f1a7-e2e8-4d85-aa9e-1a9c0eb46a89', 'S159', '2024-12-23', 'completed');
INSERT INTO student_enrollments (timetable_id, student_number, enrollment_date, status) VALUES ('f66300b3-1dc8-460a-8808-9688b26cb8f3', 'S155', '2024-12-23', 'dropped');
INSERT INTO student_enrollments (timetable_id, student_number, enrollment_date, status) VALUES ('6545be18-dcd6-4c9f-9191-5d9dc82c64d1', 'S100', '2025-01-13', 'enrolled');
INSERT INTO student_enrollments (timetable_id, student_number, enrollment_date, status) VALUES ('0c45f1a7-e2e8-4d85-aa9e-1a9c0eb46a89', 'S018', '2024-10-01', 'enrolled');
INSERT INTO student_enrollments (timetable_id, student_number, enrollment_date, status) VALUES ('36c3d043-a096-4b3f-967a-f7c0b819b38d', 'S139', '2025-05-22', 'completed');
INSERT INTO student_enrollments (timetable_id, student_number, enrollment_date, status) VALUES ('70203be6-923d-4664-8c10-84dbac060129', 'S199', '2023-11-20', 'enrolled');
INSERT INTO student_enrollments (timetable_id, student_number, enrollment_date, status) VALUES ('89e2b70b-08f7-4a5b-ba8b-2d35ef653813', 'S148', '2025-05-12', 'enrolled');
INSERT INTO student_enrollments (timetable_id, student_number, enrollment_date, status) VALUES ('70de1ce9-32d4-4c2d-98ad-77c3a8c46149', 'S109', '2024-05-04', 'enrolled');
INSERT INTO student_enrollments (timetable_id, student_number, enrollment_date, status) VALUES ('86d9be6e-cd89-4b0b-998d-57c29e19e025', 'S162', '2024-07-20', 'enrolled');
INSERT INTO student_enrollments (timetable_id, student_number, enrollment_date, status) VALUES ('f8af78c3-0c4d-4884-9d41-9289747eb341', 'S001', '2023-07-08', 'completed');
INSERT INTO student_enrollments (timetable_id, student_number, enrollment_date, status) VALUES ('4c14aa1c-334a-47b7-9e67-cb2329a32e0c', 'S020', '2023-10-21', 'completed');
INSERT INTO student_enrollments (timetable_id, student_number, enrollment_date, status) VALUES ('afcd08e7-e662-401b-8b24-e7ab4dee06a4', 'S035', '2025-05-06', 'completed');
INSERT INTO student_enrollments (timetable_id, student_number, enrollment_date, status) VALUES ('f66300b3-1dc8-460a-8808-9688b26cb8f3', 'S002', '2025-02-20', 'dropped');
INSERT INTO student_enrollments (timetable_id, student_number, enrollment_date, status) VALUES ('0c45f1a7-e2e8-4d85-aa9e-1a9c0eb46a89', 'S116', '2024-06-29', 'completed');
INSERT INTO student_enrollments (timetable_id, student_number, enrollment_date, status) VALUES ('345a6eef-e9e4-4f35-a388-531d1fc3859d', 'S181', '2024-02-20', 'enrolled');
INSERT INTO student_enrollments (timetable_id, student_number, enrollment_date, status) VALUES ('2bbea37f-2de1-4214-9282-8daf487e0bb9', 'S153', '2025-03-05', 'enrolled');
INSERT INTO student_enrollments (timetable_id, student_number, enrollment_date, status) VALUES ('47bf3672-a2af-401b-9bdb-5a4dfd11f7d9', 'S153', '2023-11-13', 'completed');
INSERT INTO student_enrollments (timetable_id, student_number, enrollment_date, status) VALUES ('70203be6-923d-4664-8c10-84dbac060129', 'S051', '2025-05-05', 'enrolled');
INSERT INTO student_enrollments (timetable_id, student_number, enrollment_date, status) VALUES ('73550333-e178-4dc1-9580-6583a37bf341', 'S145', '2023-11-07', 'completed');
INSERT INTO student_enrollments (timetable_id, student_number, enrollment_date, status) VALUES ('47bf3672-a2af-401b-9bdb-5a4dfd11f7d9', 'S087', '2023-11-29', 'enrolled');
INSERT INTO student_enrollments (timetable_id, student_number, enrollment_date, status) VALUES ('66b01205-e6dc-4b91-a0bf-e7631c30e2ae', 'S175', '2023-09-08', 'enrolled');
INSERT INTO student_enrollments (timetable_id, student_number, enrollment_date, status) VALUES ('86d9be6e-cd89-4b0b-998d-57c29e19e025', 'S163', '2023-08-12', 'dropped');
INSERT INTO student_enrollments (timetable_id, student_number, enrollment_date, status) VALUES ('66b01205-e6dc-4b91-a0bf-e7631c30e2ae', 'S143', '2024-09-26', 'enrolled');
INSERT INTO student_enrollments (timetable_id, student_number, enrollment_date, status) VALUES ('0c45f1a7-e2e8-4d85-aa9e-1a9c0eb46a89', 'S167', '2024-07-05', 'completed');
INSERT INTO student_enrollments (timetable_id, student_number, enrollment_date, status) VALUES ('39036f49-34c4-42c7-bb8a-8d69a3e59e1c', 'S098', '2024-08-15', 'enrolled');
INSERT INTO student_enrollments (timetable_id, student_number, enrollment_date, status) VALUES ('2bbea37f-2de1-4214-9282-8daf487e0bb9', 'S023', '2024-08-29', 'dropped');
INSERT INTO student_enrollments (timetable_id, student_number, enrollment_date, status) VALUES ('70de1ce9-32d4-4c2d-98ad-77c3a8c46149', 'S130', '2024-02-14', 'enrolled');
INSERT INTO student_enrollments (timetable_id, student_number, enrollment_date, status) VALUES ('09a92586-caf5-4e1a-a18a-d8e553017524', 'S074', '2023-11-20', 'completed');
INSERT INTO student_enrollments (timetable_id, student_number, enrollment_date, status) VALUES ('66b01205-e6dc-4b91-a0bf-e7631c30e2ae', 'S158', '2025-03-29', 'dropped');
INSERT INTO student_enrollments (timetable_id, student_number, enrollment_date, status) VALUES ('8491e735-cdc0-4e83-ab00-54562a6111bc', 'S045', '2023-10-19', 'completed');
INSERT INTO student_enrollments (timetable_id, student_number, enrollment_date, status) VALUES ('e32dfac2-47a8-4b70-bd85-77c89cdf9f07', 'S182', '2025-04-05', 'dropped');
INSERT INTO student_enrollments (timetable_id, student_number, enrollment_date, status) VALUES ('8491e735-cdc0-4e83-ab00-54562a6111bc', 'S005', '2024-10-09', 'completed');
INSERT INTO student_enrollments (timetable_id, student_number, enrollment_date, status) VALUES ('4c14aa1c-334a-47b7-9e67-cb2329a32e0c', 'S036', '2024-04-10', 'enrolled');
INSERT INTO student_enrollments (timetable_id, student_number, enrollment_date, status) VALUES ('39036f49-34c4-42c7-bb8a-8d69a3e59e1c', 'S102', '2025-05-30', 'enrolled');
INSERT INTO student_enrollments (timetable_id, student_number, enrollment_date, status) VALUES ('36c3d043-a096-4b3f-967a-f7c0b819b38d', 'S129', '2025-05-08', 'completed');
INSERT INTO student_enrollments (timetable_id, student_number, enrollment_date, status) VALUES ('9024288b-eb0a-4c5c-aa16-3d9926c76789', 'S174', '2024-03-15', 'dropped');
INSERT INTO student_enrollments (timetable_id, student_number, enrollment_date, status) VALUES ('89e2b70b-08f7-4a5b-ba8b-2d35ef653813', 'S152', '2024-08-25', 'dropped');
INSERT INTO student_enrollments (timetable_id, student_number, enrollment_date, status) VALUES ('2771230f-6204-4414-8ebd-afd8144c9ae0', 'S007', '2025-02-03', 'completed');
INSERT INTO student_enrollments (timetable_id, student_number, enrollment_date, status) VALUES ('87f664f4-d0da-499a-8f88-b87130b90ec1', 'S008', '2025-02-25', 'completed');
INSERT INTO student_enrollments (timetable_id, student_number, enrollment_date, status) VALUES ('70de1ce9-32d4-4c2d-98ad-77c3a8c46149', 'S172', '2025-03-26', 'enrolled');
INSERT INTO student_enrollments (timetable_id, student_number, enrollment_date, status) VALUES ('2bbea37f-2de1-4214-9282-8daf487e0bb9', 'S129', '2024-01-05', 'dropped');
INSERT INTO student_enrollments (timetable_id, student_number, enrollment_date, status) VALUES ('86d9be6e-cd89-4b0b-998d-57c29e19e025', 'S110', '2024-11-07', 'dropped');
INSERT INTO student_enrollments (timetable_id, student_number, enrollment_date, status) VALUES ('5c4d4c6b-6a86-472d-89e7-9f7912c28e39', 'S081', '2024-10-25', 'completed');
INSERT INTO student_enrollments (timetable_id, student_number, enrollment_date, status) VALUES ('5c4d4c6b-6a86-472d-89e7-9f7912c28e39', 'S153', '2025-01-20', 'dropped');
INSERT INTO student_enrollments (timetable_id, student_number, enrollment_date, status) VALUES ('ed1fbeef-c870-4cdd-9cfe-2de2ca15c938', 'S172', '2023-07-09', 'completed');
INSERT INTO student_enrollments (timetable_id, student_number, enrollment_date, status) VALUES ('f66300b3-1dc8-460a-8808-9688b26cb8f3', 'S008', '2025-01-29', 'enrolled');
INSERT INTO student_enrollments (timetable_id, student_number, enrollment_date, status) VALUES ('8491e735-cdc0-4e83-ab00-54562a6111bc', 'S139', '2025-02-03', 'completed');
INSERT INTO student_enrollments (timetable_id, student_number, enrollment_date, status) VALUES ('89e2b70b-08f7-4a5b-ba8b-2d35ef653813', 'S082', '2025-03-11', 'enrolled');
INSERT INTO student_enrollments (timetable_id, student_number, enrollment_date, status) VALUES ('87f664f4-d0da-499a-8f88-b87130b90ec1', 'S105', '2024-06-06', 'completed');
INSERT INTO student_enrollments (timetable_id, student_number, enrollment_date, status) VALUES ('89e2b70b-08f7-4a5b-ba8b-2d35ef653813', 'S045', '2024-03-18', 'dropped');
INSERT INTO student_enrollments (timetable_id, student_number, enrollment_date, status) VALUES ('ed1fbeef-c870-4cdd-9cfe-2de2ca15c938', 'S180', '2024-04-21', 'dropped');
INSERT INTO student_enrollments (timetable_id, student_number, enrollment_date, status) VALUES ('2bbea37f-2de1-4214-9282-8daf487e0bb9', 'S136', '2024-08-20', 'enrolled');
INSERT INTO student_enrollments (timetable_id, student_number, enrollment_date, status) VALUES ('09a92586-caf5-4e1a-a18a-d8e553017524', 'S076', '2024-12-01', 'enrolled');
INSERT INTO student_enrollments (timetable_id, student_number, enrollment_date, status) VALUES ('89e2b70b-08f7-4a5b-ba8b-2d35ef653813', 'S073', '2023-11-14', 'completed');
INSERT INTO student_enrollments (timetable_id, student_number, enrollment_date, status) VALUES ('70de1ce9-32d4-4c2d-98ad-77c3a8c46149', 'S014', '2024-04-15', 'completed');
INSERT INTO student_enrollments (timetable_id, student_number, enrollment_date, status) VALUES ('f8af78c3-0c4d-4884-9d41-9289747eb341', 'S048', '2024-01-11', 'dropped');
INSERT INTO student_enrollments (timetable_id, student_number, enrollment_date, status) VALUES ('4c14aa1c-334a-47b7-9e67-cb2329a32e0c', 'S150', '2024-01-02', 'dropped');
INSERT INTO student_enrollments (timetable_id, student_number, enrollment_date, status) VALUES ('73550333-e178-4dc1-9580-6583a37bf341', 'S101', '2024-11-09', 'enrolled');
INSERT INTO student_enrollments (timetable_id, student_number, enrollment_date, status) VALUES ('2771230f-6204-4414-8ebd-afd8144c9ae0', 'S107', '2024-02-23', 'enrolled');
INSERT INTO student_enrollments (timetable_id, student_number, enrollment_date, status) VALUES ('6545be18-dcd6-4c9f-9191-5d9dc82c64d1', 'S036', '2024-06-19', 'enrolled');
INSERT INTO student_enrollments (timetable_id, student_number, enrollment_date, status) VALUES ('87f664f4-d0da-499a-8f88-b87130b90ec1', 'S129', '2024-10-15', 'enrolled');
INSERT INTO student_enrollments (timetable_id, student_number, enrollment_date, status) VALUES ('73550333-e178-4dc1-9580-6583a37bf341', 'S173', '2024-03-18', 'completed');
INSERT INTO student_enrollments (timetable_id, student_number, enrollment_date, status) VALUES ('36c3d043-a096-4b3f-967a-f7c0b819b38d', 'S048', '2024-05-30', 'dropped');
INSERT INTO student_enrollments (timetable_id, student_number, enrollment_date, status) VALUES ('09a92586-caf5-4e1a-a18a-d8e553017524', 'S051', '2024-03-11', 'dropped');
INSERT INTO student_enrollments (timetable_id, student_number, enrollment_date, status) VALUES ('ed1fbeef-c870-4cdd-9cfe-2de2ca15c938', 'S174', '2025-01-25', 'completed');
INSERT INTO student_enrollments (timetable_id, student_number, enrollment_date, status) VALUES ('9024288b-eb0a-4c5c-aa16-3d9926c76789', 'S069', '2025-06-15', 'enrolled');
INSERT INTO student_enrollments (timetable_id, student_number, enrollment_date, status) VALUES ('47bf3672-a2af-401b-9bdb-5a4dfd11f7d9', 'S197', '2024-05-08', 'completed');
INSERT INTO student_enrollments (timetable_id, student_number, enrollment_date, status) VALUES ('66b01205-e6dc-4b91-a0bf-e7631c30e2ae', 'S149', '2024-08-21', 'enrolled');
INSERT INTO student_enrollments (timetable_id, student_number, enrollment_date, status) VALUES ('2771230f-6204-4414-8ebd-afd8144c9ae0', 'S024', '2023-12-17', 'completed');
INSERT INTO student_enrollments (timetable_id, student_number, enrollment_date, status) VALUES ('2bbea37f-2de1-4214-9282-8daf487e0bb9', 'S158', '2023-08-16', 'enrolled');
INSERT INTO student_enrollments (timetable_id, student_number, enrollment_date, status) VALUES ('4c14aa1c-334a-47b7-9e67-cb2329a32e0c', 'S122', '2025-01-23', 'dropped');
INSERT INTO student_enrollments (timetable_id, student_number, enrollment_date, status) VALUES ('36c3d043-a096-4b3f-967a-f7c0b819b38d', 'S021', '2024-08-03', 'dropped');
INSERT INTO student_enrollments (timetable_id, student_number, enrollment_date, status) VALUES ('73550333-e178-4dc1-9580-6583a37bf341', 'S168', '2024-07-12', 'completed');
INSERT INTO student_enrollments (timetable_id, student_number, enrollment_date, status) VALUES ('73550333-e178-4dc1-9580-6583a37bf341', 'S197', '2023-09-13', 'completed');
INSERT INTO student_enrollments (timetable_id, student_number, enrollment_date, status) VALUES ('9024288b-eb0a-4c5c-aa16-3d9926c76789', 'S149', '2023-07-21', 'enrolled');
INSERT INTO student_enrollments (timetable_id, student_number, enrollment_date, status) VALUES ('d1d61ff6-be15-4bef-aca1-58e1515b835f', 'S056', '2024-12-26', 'enrolled');
INSERT INTO student_enrollments (timetable_id, student_number, enrollment_date, status) VALUES ('87f664f4-d0da-499a-8f88-b87130b90ec1', 'S022', '2025-04-27', 'completed');
INSERT INTO student_enrollments (timetable_id, student_number, enrollment_date, status) VALUES ('2771230f-6204-4414-8ebd-afd8144c9ae0', 'S040', '2025-05-26', 'dropped');
INSERT INTO student_enrollments (timetable_id, student_number, enrollment_date, status) VALUES ('86d9be6e-cd89-4b0b-998d-57c29e19e025', 'S019', '2025-05-04', 'completed');
INSERT INTO student_enrollments (timetable_id, student_number, enrollment_date, status) VALUES ('47bf3672-a2af-401b-9bdb-5a4dfd11f7d9', 'S113', '2024-09-15', 'enrolled');
INSERT INTO student_enrollments (timetable_id, student_number, enrollment_date, status) VALUES ('39036f49-34c4-42c7-bb8a-8d69a3e59e1c', 'S148', '2024-01-06', 'dropped');
INSERT INTO student_enrollments (timetable_id, student_number, enrollment_date, status) VALUES ('73550333-e178-4dc1-9580-6583a37bf341', 'S075', '2024-01-04', 'enrolled');
INSERT INTO student_enrollments (timetable_id, student_number, enrollment_date, status) VALUES ('9024288b-eb0a-4c5c-aa16-3d9926c76789', 'S179', '2023-08-30', 'enrolled');
INSERT INTO student_enrollments (timetable_id, student_number, enrollment_date, status) VALUES ('ed1fbeef-c870-4cdd-9cfe-2de2ca15c938', 'S072', '2024-03-24', 'completed');
INSERT INTO student_enrollments (timetable_id, student_number, enrollment_date, status) VALUES ('70203be6-923d-4664-8c10-84dbac060129', 'S067', '2023-08-20', 'enrolled');
INSERT INTO student_enrollments (timetable_id, student_number, enrollment_date, status) VALUES ('dfb24fdc-c796-4da8-b86b-3bbab0bbc04d', 'S105', '2024-02-28', 'enrolled');
INSERT INTO student_enrollments (timetable_id, student_number, enrollment_date, status) VALUES ('47bf3672-a2af-401b-9bdb-5a4dfd11f7d9', 'S183', '2024-01-16', 'dropped');
INSERT INTO student_enrollments (timetable_id, student_number, enrollment_date, status) VALUES ('73550333-e178-4dc1-9580-6583a37bf341', 'S046', '2024-03-10', 'dropped');
INSERT INTO student_enrollments (timetable_id, student_number, enrollment_date, status) VALUES ('47bf3672-a2af-401b-9bdb-5a4dfd11f7d9', 'S160', '2024-01-20', 'enrolled');
INSERT INTO student_enrollments (timetable_id, student_number, enrollment_date, status) VALUES ('70203be6-923d-4664-8c10-84dbac060129', 'S180', '2024-01-06', 'dropped');
INSERT INTO student_enrollments (timetable_id, student_number, enrollment_date, status) VALUES ('73550333-e178-4dc1-9580-6583a37bf341', 'S040', '2024-11-16', 'completed');
INSERT INTO student_enrollments (timetable_id, student_number, enrollment_date, status) VALUES ('f66300b3-1dc8-460a-8808-9688b26cb8f3', 'S186', '2024-06-08', 'completed');
INSERT INTO student_enrollments (timetable_id, student_number, enrollment_date, status) VALUES ('e32dfac2-47a8-4b70-bd85-77c89cdf9f07', 'S176', '2024-11-18', 'dropped');
INSERT INTO student_enrollments (timetable_id, student_number, enrollment_date, status) VALUES ('09a92586-caf5-4e1a-a18a-d8e553017524', 'S153', '2024-05-18', 'enrolled');
INSERT INTO student_enrollments (timetable_id, student_number, enrollment_date, status) VALUES ('5c4d4c6b-6a86-472d-89e7-9f7912c28e39', 'S141', '2023-11-21', 'enrolled');
INSERT INTO student_enrollments (timetable_id, student_number, enrollment_date, status) VALUES ('5836cd8a-ea57-4bc4-941a-8ed63ef7ef40', 'S155', '2023-08-26', 'completed');
INSERT INTO student_enrollments (timetable_id, student_number, enrollment_date, status) VALUES ('36c3d043-a096-4b3f-967a-f7c0b819b38d', 'S037', '2024-01-23', 'completed');
INSERT INTO student_enrollments (timetable_id, student_number, enrollment_date, status) VALUES ('66b01205-e6dc-4b91-a0bf-e7631c30e2ae', 'S181', '2023-07-28', 'enrolled');
INSERT INTO student_enrollments (timetable_id, student_number, enrollment_date, status) VALUES ('5836cd8a-ea57-4bc4-941a-8ed63ef7ef40', 'S159', '2023-07-18', 'completed');
INSERT INTO student_enrollments (timetable_id, student_number, enrollment_date, status) VALUES ('70de1ce9-32d4-4c2d-98ad-77c3a8c46149', 'S071', '2024-12-27', 'dropped');
INSERT INTO student_enrollments (timetable_id, student_number, enrollment_date, status) VALUES ('87f664f4-d0da-499a-8f88-b87130b90ec1', 'S069', '2025-05-29', 'enrolled');
INSERT INTO student_enrollments (timetable_id, student_number, enrollment_date, status) VALUES ('dfb24fdc-c796-4da8-b86b-3bbab0bbc04d', 'S118', '2024-06-29', 'enrolled');
INSERT INTO student_enrollments (timetable_id, student_number, enrollment_date, status) VALUES ('0c45f1a7-e2e8-4d85-aa9e-1a9c0eb46a89', 'S169', '2024-05-16', 'dropped');
INSERT INTO student_enrollments (timetable_id, student_number, enrollment_date, status) VALUES ('d1d61ff6-be15-4bef-aca1-58e1515b835f', 'S055', '2024-07-25', 'dropped');
INSERT INTO student_enrollments (timetable_id, student_number, enrollment_date, status) VALUES ('345a6eef-e9e4-4f35-a388-531d1fc3859d', 'S076', '2024-11-03', 'completed');
INSERT INTO student_enrollments (timetable_id, student_number, enrollment_date, status) VALUES ('afcd08e7-e662-401b-8b24-e7ab4dee06a4', 'S125', '2024-11-12', 'enrolled');
INSERT INTO student_enrollments (timetable_id, student_number, enrollment_date, status) VALUES ('ed1fbeef-c870-4cdd-9cfe-2de2ca15c938', 'S127', '2024-07-01', 'dropped');
INSERT INTO student_enrollments (timetable_id, student_number, enrollment_date, status) VALUES ('66b01205-e6dc-4b91-a0bf-e7631c30e2ae', 'S155', '2025-03-09', 'enrolled');
INSERT INTO student_enrollments (timetable_id, student_number, enrollment_date, status) VALUES ('70de1ce9-32d4-4c2d-98ad-77c3a8c46149', 'S051', '2023-09-14', 'enrolled');
INSERT INTO student_enrollments (timetable_id, student_number, enrollment_date, status) VALUES ('9024288b-eb0a-4c5c-aa16-3d9926c76789', 'S155', '2024-02-23', 'dropped');
INSERT INTO student_enrollments (timetable_id, student_number, enrollment_date, status) VALUES ('39036f49-34c4-42c7-bb8a-8d69a3e59e1c', 'S143', '2024-03-23', 'enrolled');
INSERT INTO student_enrollments (timetable_id, student_number, enrollment_date, status) VALUES ('89e2b70b-08f7-4a5b-ba8b-2d35ef653813', 'S094', '2025-02-22', 'completed');
INSERT INTO student_enrollments (timetable_id, student_number, enrollment_date, status) VALUES ('36c3d043-a096-4b3f-967a-f7c0b819b38d', 'S194', '2023-08-29', 'dropped');
INSERT INTO student_enrollments (timetable_id, student_number, enrollment_date, status) VALUES ('39036f49-34c4-42c7-bb8a-8d69a3e59e1c', 'S034', '2025-01-30', 'completed');
INSERT INTO student_enrollments (timetable_id, student_number, enrollment_date, status) VALUES ('4c14aa1c-334a-47b7-9e67-cb2329a32e0c', 'S171', '2023-08-07', 'completed');
INSERT INTO student_enrollments (timetable_id, student_number, enrollment_date, status) VALUES ('f66300b3-1dc8-460a-8808-9688b26cb8f3', 'S052', '2023-12-17', 'dropped');
INSERT INTO student_enrollments (timetable_id, student_number, enrollment_date, status) VALUES ('66b01205-e6dc-4b91-a0bf-e7631c30e2ae', 'S086', '2024-08-23', 'enrolled');
INSERT INTO student_enrollments (timetable_id, student_number, enrollment_date, status) VALUES ('87f664f4-d0da-499a-8f88-b87130b90ec1', 'S165', '2025-02-19', 'enrolled');
INSERT INTO student_enrollments (timetable_id, student_number, enrollment_date, status) VALUES ('36c3d043-a096-4b3f-967a-f7c0b819b38d', 'S109', '2025-04-13', 'completed');
INSERT INTO student_enrollments (timetable_id, student_number, enrollment_date, status) VALUES ('5c4d4c6b-6a86-472d-89e7-9f7912c28e39', 'S017', '2023-10-29', 'dropped');
INSERT INTO student_enrollments (timetable_id, student_number, enrollment_date, status) VALUES ('09a92586-caf5-4e1a-a18a-d8e553017524', 'S175', '2024-09-10', 'enrolled');
INSERT INTO student_enrollments (timetable_id, student_number, enrollment_date, status) VALUES ('66b01205-e6dc-4b91-a0bf-e7631c30e2ae', 'S154', '2024-03-01', 'completed');
INSERT INTO student_enrollments (timetable_id, student_number, enrollment_date, status) VALUES ('09a92586-caf5-4e1a-a18a-d8e553017524', 'S062', '2024-04-25', 'dropped');
INSERT INTO student_enrollments (timetable_id, student_number, enrollment_date, status) VALUES ('f8af78c3-0c4d-4884-9d41-9289747eb341', 'S082', '2025-06-08', 'completed');
INSERT INTO student_enrollments (timetable_id, student_number, enrollment_date, status) VALUES ('4c14aa1c-334a-47b7-9e67-cb2329a32e0c', 'S014', '2024-05-09', 'enrolled');
INSERT INTO student_enrollments (timetable_id, student_number, enrollment_date, status) VALUES ('f8af78c3-0c4d-4884-9d41-9289747eb341', 'S007', '2025-05-23', 'dropped');
INSERT INTO student_enrollments (timetable_id, student_number, enrollment_date, status) VALUES ('afcd08e7-e662-401b-8b24-e7ab4dee06a4', 'S054', '2025-05-13', 'completed');
INSERT INTO student_enrollments (timetable_id, student_number, enrollment_date, status) VALUES ('f8af78c3-0c4d-4884-9d41-9289747eb341', 'S196', '2024-01-04', 'enrolled');
INSERT INTO student_enrollments (timetable_id, student_number, enrollment_date, status) VALUES ('70de1ce9-32d4-4c2d-98ad-77c3a8c46149', 'S043', '2024-10-26', 'completed');
INSERT INTO student_enrollments (timetable_id, student_number, enrollment_date, status) VALUES ('8491e735-cdc0-4e83-ab00-54562a6111bc', 'S163', '2024-11-04', 'completed');
INSERT INTO student_enrollments (timetable_id, student_number, enrollment_date, status) VALUES ('86d9be6e-cd89-4b0b-998d-57c29e19e025', 'S060', '2024-07-03', 'completed');
INSERT INTO student_enrollments (timetable_id, student_number, enrollment_date, status) VALUES ('9024288b-eb0a-4c5c-aa16-3d9926c76789', 'S154', '2025-04-17', 'dropped');
INSERT INTO student_enrollments (timetable_id, student_number, enrollment_date, status) VALUES ('345a6eef-e9e4-4f35-a388-531d1fc3859d', 'S168', '2024-03-08', 'completed');
INSERT INTO student_enrollments (timetable_id, student_number, enrollment_date, status) VALUES ('47bf3672-a2af-401b-9bdb-5a4dfd11f7d9', 'S083', '2025-06-17', 'completed');
INSERT INTO student_enrollments (timetable_id, student_number, enrollment_date, status) VALUES ('4c14aa1c-334a-47b7-9e67-cb2329a32e0c', 'S048', '2024-03-24', 'enrolled');
INSERT INTO student_enrollments (timetable_id, student_number, enrollment_date, status) VALUES ('09a92586-caf5-4e1a-a18a-d8e553017524', 'S189', '2025-04-13', 'completed');
INSERT INTO student_enrollments (timetable_id, student_number, enrollment_date, status) VALUES ('dfb24fdc-c796-4da8-b86b-3bbab0bbc04d', 'S058', '2024-11-19', 'dropped');
INSERT INTO student_enrollments (timetable_id, student_number, enrollment_date, status) VALUES ('87f664f4-d0da-499a-8f88-b87130b90ec1', 'S148', '2023-10-27', 'completed');
INSERT INTO student_enrollments (timetable_id, student_number, enrollment_date, status) VALUES ('2771230f-6204-4414-8ebd-afd8144c9ae0', 'S178', '2023-06-24', 'enrolled');
INSERT INTO student_enrollments (timetable_id, student_number, enrollment_date, status) VALUES ('d1d61ff6-be15-4bef-aca1-58e1515b835f', 'S003', '2024-03-10', 'dropped');
INSERT INTO student_enrollments (timetable_id, student_number, enrollment_date, status) VALUES ('345a6eef-e9e4-4f35-a388-531d1fc3859d', 'S124', '2023-12-12', 'dropped');
INSERT INTO student_enrollments (timetable_id, student_number, enrollment_date, status) VALUES ('bb0133d5-5a1c-4d66-82f5-72dafd1b8c7c', 'S108', '2025-02-08', 'completed');
INSERT INTO student_enrollments (timetable_id, student_number, enrollment_date, status) VALUES ('e32dfac2-47a8-4b70-bd85-77c89cdf9f07', 'S022', '2023-12-29', 'completed');
INSERT INTO student_enrollments (timetable_id, student_number, enrollment_date, status) VALUES ('dfb24fdc-c796-4da8-b86b-3bbab0bbc04d', 'S151', '2025-05-10', 'completed');
INSERT INTO student_enrollments (timetable_id, student_number, enrollment_date, status) VALUES ('9024288b-eb0a-4c5c-aa16-3d9926c76789', 'S200', '2023-11-16', 'enrolled');
INSERT INTO student_enrollments (timetable_id, student_number, enrollment_date, status) VALUES ('6545be18-dcd6-4c9f-9191-5d9dc82c64d1', 'S179', '2024-02-27', 'enrolled');
INSERT INTO student_enrollments (timetable_id, student_number, enrollment_date, status) VALUES ('f66300b3-1dc8-460a-8808-9688b26cb8f3', 'S083', '2025-02-09', 'completed');
INSERT INTO student_enrollments (timetable_id, student_number, enrollment_date, status) VALUES ('9f9feac3-6553-4b18-8257-5c47e58afcfa', 'S006', '2023-08-13', 'dropped');
INSERT INTO student_enrollments (timetable_id, student_number, enrollment_date, status) VALUES ('f66300b3-1dc8-460a-8808-9688b26cb8f3', 'S029', '2025-03-18', 'completed');
INSERT INTO student_enrollments (timetable_id, student_number, enrollment_date, status) VALUES ('8491e735-cdc0-4e83-ab00-54562a6111bc', 'S058', '2024-06-30', 'enrolled');
INSERT INTO student_enrollments (timetable_id, student_number, enrollment_date, status) VALUES ('345a6eef-e9e4-4f35-a388-531d1fc3859d', 'S058', '2023-08-16', 'dropped');
INSERT INTO student_enrollments (timetable_id, student_number, enrollment_date, status) VALUES ('8491e735-cdc0-4e83-ab00-54562a6111bc', 'S023', '2024-03-19', 'dropped');
INSERT INTO student_enrollments (timetable_id, student_number, enrollment_date, status) VALUES ('0c45f1a7-e2e8-4d85-aa9e-1a9c0eb46a89', 'S186', '2025-05-12', 'enrolled');
INSERT INTO student_enrollments (timetable_id, student_number, enrollment_date, status) VALUES ('e32dfac2-47a8-4b70-bd85-77c89cdf9f07', 'S161', '2025-05-03', 'completed');
INSERT INTO student_enrollments (timetable_id, student_number, enrollment_date, status) VALUES ('d1d61ff6-be15-4bef-aca1-58e1515b835f', 'S014', '2023-07-03', 'completed');
INSERT INTO student_enrollments (timetable_id, student_number, enrollment_date, status) VALUES ('ed1fbeef-c870-4cdd-9cfe-2de2ca15c938', 'S097', '2025-05-03', 'completed');
INSERT INTO student_enrollments (timetable_id, student_number, enrollment_date, status) VALUES ('bb0133d5-5a1c-4d66-82f5-72dafd1b8c7c', 'S089', '2024-04-27', 'enrolled');
INSERT INTO student_enrollments (timetable_id, student_number, enrollment_date, status) VALUES ('47bf3672-a2af-401b-9bdb-5a4dfd11f7d9', 'S189', '2025-05-27', 'enrolled');
INSERT INTO student_enrollments (timetable_id, student_number, enrollment_date, status) VALUES ('73550333-e178-4dc1-9580-6583a37bf341', 'S086', '2023-10-22', 'completed');
INSERT INTO student_enrollments (timetable_id, student_number, enrollment_date, status) VALUES ('66b01205-e6dc-4b91-a0bf-e7631c30e2ae', 'S044', '2024-01-24', 'dropped');
INSERT INTO student_enrollments (timetable_id, student_number, enrollment_date, status) VALUES ('e32dfac2-47a8-4b70-bd85-77c89cdf9f07', 'S180', '2024-08-05', 'enrolled');
INSERT INTO student_enrollments (timetable_id, student_number, enrollment_date, status) VALUES ('5836cd8a-ea57-4bc4-941a-8ed63ef7ef40', 'S042', '2025-02-01', 'completed');
INSERT INTO student_enrollments (timetable_id, student_number, enrollment_date, status) VALUES ('73550333-e178-4dc1-9580-6583a37bf341', 'S008', '2024-11-07', 'completed');
INSERT INTO student_enrollments (timetable_id, student_number, enrollment_date, status) VALUES ('2bbea37f-2de1-4214-9282-8daf487e0bb9', 'S124', '2023-10-15', 'completed');
INSERT INTO student_enrollments (timetable_id, student_number, enrollment_date, status) VALUES ('6545be18-dcd6-4c9f-9191-5d9dc82c64d1', 'S132', '2024-07-08', 'enrolled');
INSERT INTO student_enrollments (timetable_id, student_number, enrollment_date, status) VALUES ('ed1fbeef-c870-4cdd-9cfe-2de2ca15c938', 'S142', '2023-08-02', 'enrolled');
INSERT INTO student_enrollments (timetable_id, student_number, enrollment_date, status) VALUES ('4c14aa1c-334a-47b7-9e67-cb2329a32e0c', 'S002', '2024-07-07', 'completed');
INSERT INTO student_enrollments (timetable_id, student_number, enrollment_date, status) VALUES ('87f664f4-d0da-499a-8f88-b87130b90ec1', 'S180', '2024-02-18', 'enrolled');
INSERT INTO student_enrollments (timetable_id, student_number, enrollment_date, status) VALUES ('70de1ce9-32d4-4c2d-98ad-77c3a8c46149', 'S165', '2025-02-24', 'completed');
INSERT INTO student_enrollments (timetable_id, student_number, enrollment_date, status) VALUES ('dfb24fdc-c796-4da8-b86b-3bbab0bbc04d', 'S150', '2024-04-22', 'enrolled');
INSERT INTO student_enrollments (timetable_id, student_number, enrollment_date, status) VALUES ('5c4d4c6b-6a86-472d-89e7-9f7912c28e39', 'S116', '2025-01-01', 'completed');
INSERT INTO student_enrollments (timetable_id, student_number, enrollment_date, status) VALUES ('70de1ce9-32d4-4c2d-98ad-77c3a8c46149', 'S092', '2024-12-10', 'enrolled');
INSERT INTO student_enrollments (timetable_id, student_number, enrollment_date, status) VALUES ('6545be18-dcd6-4c9f-9191-5d9dc82c64d1', 'S164', '2024-12-22', 'enrolled');
INSERT INTO student_enrollments (timetable_id, student_number, enrollment_date, status) VALUES ('2bbea37f-2de1-4214-9282-8daf487e0bb9', 'S011', '2024-11-20', 'dropped');
INSERT INTO student_enrollments (timetable_id, student_number, enrollment_date, status) VALUES ('0c45f1a7-e2e8-4d85-aa9e-1a9c0eb46a89', 'S128', '2024-09-15', 'dropped');
INSERT INTO student_enrollments (timetable_id, student_number, enrollment_date, status) VALUES ('36c3d043-a096-4b3f-967a-f7c0b819b38d', 'S161', '2024-10-27', 'enrolled');
INSERT INTO student_enrollments (timetable_id, student_number, enrollment_date, status) VALUES ('87f664f4-d0da-499a-8f88-b87130b90ec1', 'S171', '2023-06-22', 'dropped');
INSERT INTO student_enrollments (timetable_id, student_number, enrollment_date, status) VALUES ('bb0133d5-5a1c-4d66-82f5-72dafd1b8c7c', 'S042', '2024-04-19', 'dropped');
INSERT INTO student_enrollments (timetable_id, student_number, enrollment_date, status) VALUES ('89e2b70b-08f7-4a5b-ba8b-2d35ef653813', 'S035', '2023-12-15', 'dropped');
INSERT INTO student_enrollments (timetable_id, student_number, enrollment_date, status) VALUES ('36c3d043-a096-4b3f-967a-f7c0b819b38d', 'S002', '2025-01-26', 'completed');
INSERT INTO student_enrollments (timetable_id, student_number, enrollment_date, status) VALUES ('6545be18-dcd6-4c9f-9191-5d9dc82c64d1', 'S140', '2024-01-10', 'dropped');
INSERT INTO student_enrollments (timetable_id, student_number, enrollment_date, status) VALUES ('0c45f1a7-e2e8-4d85-aa9e-1a9c0eb46a89', 'S101', '2024-02-17', 'completed');
INSERT INTO student_enrollments (timetable_id, student_number, enrollment_date, status) VALUES ('345a6eef-e9e4-4f35-a388-531d1fc3859d', 'S017', '2023-12-09', 'enrolled');
INSERT INTO student_enrollments (timetable_id, student_number, enrollment_date, status) VALUES ('4c14aa1c-334a-47b7-9e67-cb2329a32e0c', 'S055', '2024-08-19', 'dropped');
INSERT INTO student_enrollments (timetable_id, student_number, enrollment_date, status) VALUES ('5c4d4c6b-6a86-472d-89e7-9f7912c28e39', 'S014', '2024-05-03', 'dropped');
INSERT INTO student_enrollments (timetable_id, student_number, enrollment_date, status) VALUES ('e32dfac2-47a8-4b70-bd85-77c89cdf9f07', 'S188', '2025-05-19', 'enrolled');
INSERT INTO student_enrollments (timetable_id, student_number, enrollment_date, status) VALUES ('39036f49-34c4-42c7-bb8a-8d69a3e59e1c', 'S099', '2023-11-08', 'dropped');
INSERT INTO student_enrollments (timetable_id, student_number, enrollment_date, status) VALUES ('345a6eef-e9e4-4f35-a388-531d1fc3859d', 'S126', '2024-01-12', 'dropped');
INSERT INTO student_enrollments (timetable_id, student_number, enrollment_date, status) VALUES ('36c3d043-a096-4b3f-967a-f7c0b819b38d', 'S162', '2023-10-16', 'completed');
INSERT INTO student_enrollments (timetable_id, student_number, enrollment_date, status) VALUES ('70203be6-923d-4664-8c10-84dbac060129', 'S028', '2024-04-24', 'dropped');
INSERT INTO student_enrollments (timetable_id, student_number, enrollment_date, status) VALUES ('36c3d043-a096-4b3f-967a-f7c0b819b38d', 'S152', '2024-03-20', 'completed');
INSERT INTO student_enrollments (timetable_id, student_number, enrollment_date, status) VALUES ('dfb24fdc-c796-4da8-b86b-3bbab0bbc04d', 'S132', '2024-08-28', 'enrolled');
INSERT INTO student_enrollments (timetable_id, student_number, enrollment_date, status) VALUES ('9f9feac3-6553-4b18-8257-5c47e58afcfa', 'S040', '2024-10-31', 'completed');
INSERT INTO student_enrollments (timetable_id, student_number, enrollment_date, status) VALUES ('6545be18-dcd6-4c9f-9191-5d9dc82c64d1', 'S118', '2025-02-22', 'enrolled');
INSERT INTO student_enrollments (timetable_id, student_number, enrollment_date, status) VALUES ('89e2b70b-08f7-4a5b-ba8b-2d35ef653813', 'S044', '2023-12-05', 'enrolled');
INSERT INTO student_enrollments (timetable_id, student_number, enrollment_date, status) VALUES ('86d9be6e-cd89-4b0b-998d-57c29e19e025', 'S084', '2024-05-26', 'completed');
INSERT INTO student_enrollments (timetable_id, student_number, enrollment_date, status) VALUES ('8491e735-cdc0-4e83-ab00-54562a6111bc', 'S080', '2024-08-11', 'dropped');
INSERT INTO student_enrollments (timetable_id, student_number, enrollment_date, status) VALUES ('bb0133d5-5a1c-4d66-82f5-72dafd1b8c7c', 'S154', '2024-06-26', 'enrolled');
INSERT INTO student_enrollments (timetable_id, student_number, enrollment_date, status) VALUES ('5c4d4c6b-6a86-472d-89e7-9f7912c28e39', 'S080', '2023-07-24', 'completed');
INSERT INTO student_enrollments (timetable_id, student_number, enrollment_date, status) VALUES ('70de1ce9-32d4-4c2d-98ad-77c3a8c46149', 'S193', '2024-02-07', 'dropped');
INSERT INTO student_enrollments (timetable_id, student_number, enrollment_date, status) VALUES ('39036f49-34c4-42c7-bb8a-8d69a3e59e1c', 'S139', '2024-01-10', 'enrolled');
INSERT INTO student_enrollments (timetable_id, student_number, enrollment_date, status) VALUES ('66b01205-e6dc-4b91-a0bf-e7631c30e2ae', 'S115', '2024-04-06', 'dropped');
INSERT INTO student_enrollments (timetable_id, student_number, enrollment_date, status) VALUES ('66b01205-e6dc-4b91-a0bf-e7631c30e2ae', 'S124', '2024-02-11', 'completed');
INSERT INTO student_enrollments (timetable_id, student_number, enrollment_date, status) VALUES ('8491e735-cdc0-4e83-ab00-54562a6111bc', 'S132', '2024-03-01', 'completed');
INSERT INTO student_enrollments (timetable_id, student_number, enrollment_date, status) VALUES ('afcd08e7-e662-401b-8b24-e7ab4dee06a4', 'S100', '2024-04-19', 'dropped');
INSERT INTO student_enrollments (timetable_id, student_number, enrollment_date, status) VALUES ('345a6eef-e9e4-4f35-a388-531d1fc3859d', 'S008', '2024-10-15', 'enrolled');
INSERT INTO student_enrollments (timetable_id, student_number, enrollment_date, status) VALUES ('86d9be6e-cd89-4b0b-998d-57c29e19e025', 'S075', '2025-04-03', 'enrolled');
INSERT INTO student_enrollments (timetable_id, student_number, enrollment_date, status) VALUES ('36c3d043-a096-4b3f-967a-f7c0b819b38d', 'S087', '2024-08-17', 'completed');
INSERT INTO student_enrollments (timetable_id, student_number, enrollment_date, status) VALUES ('9024288b-eb0a-4c5c-aa16-3d9926c76789', 'S100', '2024-09-11', 'completed');
INSERT INTO student_enrollments (timetable_id, student_number, enrollment_date, status) VALUES ('4c14aa1c-334a-47b7-9e67-cb2329a32e0c', 'S186', '2023-09-10', 'completed');
INSERT INTO student_enrollments (timetable_id, student_number, enrollment_date, status) VALUES ('87f664f4-d0da-499a-8f88-b87130b90ec1', 'S187', '2024-04-26', 'dropped');
INSERT INTO student_enrollments (timetable_id, student_number, enrollment_date, status) VALUES ('d1d61ff6-be15-4bef-aca1-58e1515b835f', 'S190', '2024-02-11', 'enrolled');
INSERT INTO student_enrollments (timetable_id, student_number, enrollment_date, status) VALUES ('dfb24fdc-c796-4da8-b86b-3bbab0bbc04d', 'S170', '2025-01-29', 'dropped');
INSERT INTO student_enrollments (timetable_id, student_number, enrollment_date, status) VALUES ('87f664f4-d0da-499a-8f88-b87130b90ec1', 'S049', '2024-11-17', 'completed');
INSERT INTO student_enrollments (timetable_id, student_number, enrollment_date, status) VALUES ('6545be18-dcd6-4c9f-9191-5d9dc82c64d1', 'S169', '2024-04-08', 'enrolled');
INSERT INTO student_enrollments (timetable_id, student_number, enrollment_date, status) VALUES ('e32dfac2-47a8-4b70-bd85-77c89cdf9f07', 'S171', '2023-12-25', 'enrolled');
INSERT INTO student_enrollments (timetable_id, student_number, enrollment_date, status) VALUES ('e32dfac2-47a8-4b70-bd85-77c89cdf9f07', 'S064', '2024-02-07', 'completed');
INSERT INTO student_enrollments (timetable_id, student_number, enrollment_date, status) VALUES ('afcd08e7-e662-401b-8b24-e7ab4dee06a4', 'S184', '2024-01-26', 'completed');
INSERT INTO student_enrollments (timetable_id, student_number, enrollment_date, status) VALUES ('47bf3672-a2af-401b-9bdb-5a4dfd11f7d9', 'S114', '2024-07-01', 'enrolled');
INSERT INTO student_enrollments (timetable_id, student_number, enrollment_date, status) VALUES ('f8af78c3-0c4d-4884-9d41-9289747eb341', 'S169', '2024-04-16', 'completed');
INSERT INTO student_enrollments (timetable_id, student_number, enrollment_date, status) VALUES ('0c45f1a7-e2e8-4d85-aa9e-1a9c0eb46a89', 'S060', '2024-07-21', 'dropped');
INSERT INTO student_enrollments (timetable_id, student_number, enrollment_date, status) VALUES ('9024288b-eb0a-4c5c-aa16-3d9926c76789', 'S152', '2023-12-13', 'completed');
INSERT INTO student_enrollments (timetable_id, student_number, enrollment_date, status) VALUES ('bb0133d5-5a1c-4d66-82f5-72dafd1b8c7c', 'S022', '2024-01-21', 'enrolled');
INSERT INTO student_enrollments (timetable_id, student_number, enrollment_date, status) VALUES ('4c14aa1c-334a-47b7-9e67-cb2329a32e0c', 'S102', '2025-05-18', 'dropped');
INSERT INTO student_enrollments (timetable_id, student_number, enrollment_date, status) VALUES ('09a92586-caf5-4e1a-a18a-d8e553017524', 'S105', '2025-04-01', 'completed');
INSERT INTO student_enrollments (timetable_id, student_number, enrollment_date, status) VALUES ('09a92586-caf5-4e1a-a18a-d8e553017524', 'S064', '2024-06-04', 'dropped');
INSERT INTO student_enrollments (timetable_id, student_number, enrollment_date, status) VALUES ('87f664f4-d0da-499a-8f88-b87130b90ec1', 'S014', '2024-06-30', 'enrolled');
INSERT INTO student_enrollments (timetable_id, student_number, enrollment_date, status) VALUES ('89e2b70b-08f7-4a5b-ba8b-2d35ef653813', 'S076', '2023-10-25', 'enrolled');
INSERT INTO student_enrollments (timetable_id, student_number, enrollment_date, status) VALUES ('2bbea37f-2de1-4214-9282-8daf487e0bb9', 'S137', '2024-04-23', 'completed');
INSERT INTO student_enrollments (timetable_id, student_number, enrollment_date, status) VALUES ('afcd08e7-e662-401b-8b24-e7ab4dee06a4', 'S005', '2024-01-17', 'completed');
INSERT INTO student_enrollments (timetable_id, student_number, enrollment_date, status) VALUES ('afcd08e7-e662-401b-8b24-e7ab4dee06a4', 'S151', '2024-05-06', 'dropped');
INSERT INTO student_enrollments (timetable_id, student_number, enrollment_date, status) VALUES ('2bbea37f-2de1-4214-9282-8daf487e0bb9', 'S162', '2025-03-11', 'dropped');
INSERT INTO student_enrollments (timetable_id, student_number, enrollment_date, status) VALUES ('afcd08e7-e662-401b-8b24-e7ab4dee06a4', 'S081', '2025-05-24', 'dropped');
INSERT INTO student_enrollments (timetable_id, student_number, enrollment_date, status) VALUES ('2771230f-6204-4414-8ebd-afd8144c9ae0', 'S061', '2024-03-25', 'enrolled');
INSERT INTO student_enrollments (timetable_id, student_number, enrollment_date, status) VALUES ('9024288b-eb0a-4c5c-aa16-3d9926c76789', 'S178', '2025-02-06', 'enrolled');
INSERT INTO student_enrollments (timetable_id, student_number, enrollment_date, status) VALUES ('2bbea37f-2de1-4214-9282-8daf487e0bb9', 'S156', '2024-12-20', 'enrolled');
INSERT INTO student_enrollments (timetable_id, student_number, enrollment_date, status) VALUES ('f66300b3-1dc8-460a-8808-9688b26cb8f3', 'S168', '2025-05-03', 'enrolled');
INSERT INTO student_enrollments (timetable_id, student_number, enrollment_date, status) VALUES ('89e2b70b-08f7-4a5b-ba8b-2d35ef653813', 'S005', '2023-09-27', 'enrolled');
INSERT INTO student_enrollments (timetable_id, student_number, enrollment_date, status) VALUES ('36c3d043-a096-4b3f-967a-f7c0b819b38d', 'S120', '2024-01-25', 'completed');
INSERT INTO student_enrollments (timetable_id, student_number, enrollment_date, status) VALUES ('73550333-e178-4dc1-9580-6583a37bf341', 'S014', '2024-07-15', 'dropped');
INSERT INTO student_enrollments (timetable_id, student_number, enrollment_date, status) VALUES ('9f9feac3-6553-4b18-8257-5c47e58afcfa', 'S124', '2024-05-09', 'dropped');
INSERT INTO student_enrollments (timetable_id, student_number, enrollment_date, status) VALUES ('5c4d4c6b-6a86-472d-89e7-9f7912c28e39', 'S035', '2025-03-20', 'enrolled');
INSERT INTO student_enrollments (timetable_id, student_number, enrollment_date, status) VALUES ('47bf3672-a2af-401b-9bdb-5a4dfd11f7d9', 'S024', '2024-05-12', 'dropped');
INSERT INTO student_enrollments (timetable_id, student_number, enrollment_date, status) VALUES ('5836cd8a-ea57-4bc4-941a-8ed63ef7ef40', 'S147', '2024-10-29', 'dropped');
INSERT INTO student_enrollments (timetable_id, student_number, enrollment_date, status) VALUES ('70203be6-923d-4664-8c10-84dbac060129', 'S145', '2024-12-20', 'enrolled');
INSERT INTO student_enrollments (timetable_id, student_number, enrollment_date, status) VALUES ('345a6eef-e9e4-4f35-a388-531d1fc3859d', 'S003', '2024-06-19', 'completed');
INSERT INTO student_enrollments (timetable_id, student_number, enrollment_date, status) VALUES ('73550333-e178-4dc1-9580-6583a37bf341', 'S178', '2024-05-05', 'enrolled');
INSERT INTO student_enrollments (timetable_id, student_number, enrollment_date, status) VALUES ('f66300b3-1dc8-460a-8808-9688b26cb8f3', 'S181', '2023-09-02', 'enrolled');
INSERT INTO student_enrollments (timetable_id, student_number, enrollment_date, status) VALUES ('70de1ce9-32d4-4c2d-98ad-77c3a8c46149', 'S171', '2025-05-15', 'dropped');
INSERT INTO student_enrollments (timetable_id, student_number, enrollment_date, status) VALUES ('5836cd8a-ea57-4bc4-941a-8ed63ef7ef40', 'S177', '2025-01-17', 'dropped');
INSERT INTO student_enrollments (timetable_id, student_number, enrollment_date, status) VALUES ('66b01205-e6dc-4b91-a0bf-e7631c30e2ae', 'S186', '2023-06-23', 'dropped');
INSERT INTO student_enrollments (timetable_id, student_number, enrollment_date, status) VALUES ('70de1ce9-32d4-4c2d-98ad-77c3a8c46149', 'S028', '2025-03-10', 'dropped');
INSERT INTO student_enrollments (timetable_id, student_number, enrollment_date, status) VALUES ('2771230f-6204-4414-8ebd-afd8144c9ae0', 'S066', '2023-10-27', 'dropped');
INSERT INTO student_enrollments (timetable_id, student_number, enrollment_date, status) VALUES ('9024288b-eb0a-4c5c-aa16-3d9926c76789', 'S193', '2025-02-23', 'dropped');
INSERT INTO student_enrollments (timetable_id, student_number, enrollment_date, status) VALUES ('dfb24fdc-c796-4da8-b86b-3bbab0bbc04d', 'S061', '2024-05-23', 'completed');
INSERT INTO student_enrollments (timetable_id, student_number, enrollment_date, status) VALUES ('5c4d4c6b-6a86-472d-89e7-9f7912c28e39', 'S103', '2025-05-21', 'dropped');
INSERT INTO student_enrollments (timetable_id, student_number, enrollment_date, status) VALUES ('87f664f4-d0da-499a-8f88-b87130b90ec1', 'S121', '2023-10-19', 'enrolled');
INSERT INTO student_enrollments (timetable_id, student_number, enrollment_date, status) VALUES ('bb0133d5-5a1c-4d66-82f5-72dafd1b8c7c', 'S078', '2025-06-14', 'enrolled');
INSERT INTO student_enrollments (timetable_id, student_number, enrollment_date, status) VALUES ('2771230f-6204-4414-8ebd-afd8144c9ae0', 'S057', '2023-08-27', 'dropped');
INSERT INTO student_enrollments (timetable_id, student_number, enrollment_date, status) VALUES ('bb0133d5-5a1c-4d66-82f5-72dafd1b8c7c', 'S152', '2024-12-12', 'completed');
INSERT INTO student_enrollments (timetable_id, student_number, enrollment_date, status) VALUES ('73550333-e178-4dc1-9580-6583a37bf341', 'S170', '2023-07-02', 'dropped');
INSERT INTO student_enrollments (timetable_id, student_number, enrollment_date, status) VALUES ('86d9be6e-cd89-4b0b-998d-57c29e19e025', 'S058', '2023-08-17', 'dropped');
INSERT INTO student_enrollments (timetable_id, student_number, enrollment_date, status) VALUES ('39036f49-34c4-42c7-bb8a-8d69a3e59e1c', 'S043', '2023-09-25', 'dropped');
INSERT INTO student_enrollments (timetable_id, student_number, enrollment_date, status) VALUES ('39036f49-34c4-42c7-bb8a-8d69a3e59e1c', 'S160', '2024-12-13', 'dropped');
INSERT INTO student_enrollments (timetable_id, student_number, enrollment_date, status) VALUES ('89e2b70b-08f7-4a5b-ba8b-2d35ef653813', 'S041', '2024-04-28', 'enrolled');
INSERT INTO student_enrollments (timetable_id, student_number, enrollment_date, status) VALUES ('89e2b70b-08f7-4a5b-ba8b-2d35ef653813', 'S155', '2024-01-05', 'enrolled');
INSERT INTO student_enrollments (timetable_id, student_number, enrollment_date, status) VALUES ('9024288b-eb0a-4c5c-aa16-3d9926c76789', 'S194', '2024-10-10', 'completed');
INSERT INTO student_enrollments (timetable_id, student_number, enrollment_date, status) VALUES ('70de1ce9-32d4-4c2d-98ad-77c3a8c46149', 'S107', '2023-09-26', 'completed');
INSERT INTO student_enrollments (timetable_id, student_number, enrollment_date, status) VALUES ('2771230f-6204-4414-8ebd-afd8144c9ae0', 'S130', '2023-12-23', 'enrolled');
INSERT INTO student_enrollments (timetable_id, student_number, enrollment_date, status) VALUES ('47bf3672-a2af-401b-9bdb-5a4dfd11f7d9', 'S152', '2025-06-16', 'dropped');
INSERT INTO student_enrollments (timetable_id, student_number, enrollment_date, status) VALUES ('345a6eef-e9e4-4f35-a388-531d1fc3859d', 'S040', '2023-07-04', 'enrolled');
INSERT INTO student_enrollments (timetable_id, student_number, enrollment_date, status) VALUES ('d1d61ff6-be15-4bef-aca1-58e1515b835f', 'S039', '2023-08-05', 'enrolled');
INSERT INTO student_enrollments (timetable_id, student_number, enrollment_date, status) VALUES ('70de1ce9-32d4-4c2d-98ad-77c3a8c46149', 'S031', '2024-01-22', 'enrolled');
INSERT INTO student_enrollments (timetable_id, student_number, enrollment_date, status) VALUES ('345a6eef-e9e4-4f35-a388-531d1fc3859d', 'S077', '2023-12-11', 'dropped');
INSERT INTO student_enrollments (timetable_id, student_number, enrollment_date, status) VALUES ('87f664f4-d0da-499a-8f88-b87130b90ec1', 'S132', '2023-12-01', 'completed');
INSERT INTO student_enrollments (timetable_id, student_number, enrollment_date, status) VALUES ('86d9be6e-cd89-4b0b-998d-57c29e19e025', 'S076', '2024-08-17', 'enrolled');
INSERT INTO student_enrollments (timetable_id, student_number, enrollment_date, status) VALUES ('bb0133d5-5a1c-4d66-82f5-72dafd1b8c7c', 'S044', '2024-07-01', 'completed');
INSERT INTO student_enrollments (timetable_id, student_number, enrollment_date, status) VALUES ('ed1fbeef-c870-4cdd-9cfe-2de2ca15c938', 'S160', '2024-08-05', 'enrolled');
INSERT INTO student_enrollments (timetable_id, student_number, enrollment_date, status) VALUES ('345a6eef-e9e4-4f35-a388-531d1fc3859d', 'S049', '2024-07-09', 'dropped');
INSERT INTO student_enrollments (timetable_id, student_number, enrollment_date, status) VALUES ('afcd08e7-e662-401b-8b24-e7ab4dee06a4', 'S145', '2023-06-26', 'completed');
INSERT INTO student_enrollments (timetable_id, student_number, enrollment_date, status) VALUES ('f8af78c3-0c4d-4884-9d41-9289747eb341', 'S100', '2025-04-23', 'dropped');
INSERT INTO student_enrollments (timetable_id, student_number, enrollment_date, status) VALUES ('afcd08e7-e662-401b-8b24-e7ab4dee06a4', 'S156', '2023-07-09', 'enrolled');
INSERT INTO student_enrollments (timetable_id, student_number, enrollment_date, status) VALUES ('f66300b3-1dc8-460a-8808-9688b26cb8f3', 'S154', '2024-03-19', 'completed');
INSERT INTO student_enrollments (timetable_id, student_number, enrollment_date, status) VALUES ('f66300b3-1dc8-460a-8808-9688b26cb8f3', 'S198', '2024-05-29', 'completed');
INSERT INTO student_enrollments (timetable_id, student_number, enrollment_date, status) VALUES ('73550333-e178-4dc1-9580-6583a37bf341', 'S151', '2025-05-30', 'completed');
INSERT INTO student_enrollments (timetable_id, student_number, enrollment_date, status) VALUES ('73550333-e178-4dc1-9580-6583a37bf341', 'S181', '2025-04-28', 'enrolled');
INSERT INTO student_enrollments (timetable_id, student_number, enrollment_date, status) VALUES ('9f9feac3-6553-4b18-8257-5c47e58afcfa', 'S125', '2024-05-11', 'completed');
INSERT INTO student_enrollments (timetable_id, student_number, enrollment_date, status) VALUES ('2771230f-6204-4414-8ebd-afd8144c9ae0', 'S179', '2024-10-29', 'dropped');
INSERT INTO student_enrollments (timetable_id, student_number, enrollment_date, status) VALUES ('9f9feac3-6553-4b18-8257-5c47e58afcfa', 'S084', '2025-02-12', 'completed');
INSERT INTO student_enrollments (timetable_id, student_number, enrollment_date, status) VALUES ('09a92586-caf5-4e1a-a18a-d8e553017524', 'S068', '2023-09-22', 'dropped');
INSERT INTO student_enrollments (timetable_id, student_number, enrollment_date, status) VALUES ('70203be6-923d-4664-8c10-84dbac060129', 'S173', '2023-12-28', 'completed');
INSERT INTO student_enrollments (timetable_id, student_number, enrollment_date, status) VALUES ('89e2b70b-08f7-4a5b-ba8b-2d35ef653813', 'S118', '2024-08-29', 'completed');
INSERT INTO student_enrollments (timetable_id, student_number, enrollment_date, status) VALUES ('0c45f1a7-e2e8-4d85-aa9e-1a9c0eb46a89', 'S117', '2024-08-23', 'enrolled');
INSERT INTO student_enrollments (timetable_id, student_number, enrollment_date, status) VALUES ('36c3d043-a096-4b3f-967a-f7c0b819b38d', 'S132', '2024-02-28', 'completed');
INSERT INTO student_enrollments (timetable_id, student_number, enrollment_date, status) VALUES ('6545be18-dcd6-4c9f-9191-5d9dc82c64d1', 'S161', '2024-05-01', 'completed');
INSERT INTO student_enrollments (timetable_id, student_number, enrollment_date, status) VALUES ('345a6eef-e9e4-4f35-a388-531d1fc3859d', 'S041', '2024-12-10', 'completed');
INSERT INTO student_enrollments (timetable_id, student_number, enrollment_date, status) VALUES ('d1d61ff6-be15-4bef-aca1-58e1515b835f', 'S006', '2023-08-31', 'dropped');
INSERT INTO student_enrollments (timetable_id, student_number, enrollment_date, status) VALUES ('6545be18-dcd6-4c9f-9191-5d9dc82c64d1', 'S098', '2024-02-17', 'dropped');
INSERT INTO student_enrollments (timetable_id, student_number, enrollment_date, status) VALUES ('9f9feac3-6553-4b18-8257-5c47e58afcfa', 'S020', '2023-12-02', 'enrolled');
INSERT INTO student_enrollments (timetable_id, student_number, enrollment_date, status) VALUES ('70203be6-923d-4664-8c10-84dbac060129', 'S124', '2024-07-05', 'enrolled');
INSERT INTO student_enrollments (timetable_id, student_number, enrollment_date, status) VALUES ('f8af78c3-0c4d-4884-9d41-9289747eb341', 'S188', '2025-01-11', 'enrolled');
INSERT INTO student_enrollments (timetable_id, student_number, enrollment_date, status) VALUES ('6545be18-dcd6-4c9f-9191-5d9dc82c64d1', 'S066', '2023-09-23', 'dropped');
INSERT INTO student_enrollments (timetable_id, student_number, enrollment_date, status) VALUES ('8491e735-cdc0-4e83-ab00-54562a6111bc', 'S040', '2023-12-26', 'enrolled');
INSERT INTO student_enrollments (timetable_id, student_number, enrollment_date, status) VALUES ('70de1ce9-32d4-4c2d-98ad-77c3a8c46149', 'S192', '2024-11-10', 'dropped');
INSERT INTO student_enrollments (timetable_id, student_number, enrollment_date, status) VALUES ('70de1ce9-32d4-4c2d-98ad-77c3a8c46149', 'S144', '2024-03-16', 'completed');
INSERT INTO student_enrollments (timetable_id, student_number, enrollment_date, status) VALUES ('6545be18-dcd6-4c9f-9191-5d9dc82c64d1', 'S152', '2024-10-10', 'dropped');
INSERT INTO student_enrollments (timetable_id, student_number, enrollment_date, status) VALUES ('9f9feac3-6553-4b18-8257-5c47e58afcfa', 'S076', '2023-10-22', 'enrolled');
INSERT INTO student_enrollments (timetable_id, student_number, enrollment_date, status) VALUES ('9024288b-eb0a-4c5c-aa16-3d9926c76789', 'S034', '2024-10-10', 'enrolled');
INSERT INTO student_enrollments (timetable_id, student_number, enrollment_date, status) VALUES ('9024288b-eb0a-4c5c-aa16-3d9926c76789', 'S075', '2024-01-02', 'dropped');
INSERT INTO student_enrollments (timetable_id, student_number, enrollment_date, status) VALUES ('73550333-e178-4dc1-9580-6583a37bf341', 'S001', '2024-12-30', 'completed');
INSERT INTO student_enrollments (timetable_id, student_number, enrollment_date, status) VALUES ('4c14aa1c-334a-47b7-9e67-cb2329a32e0c', 'S163', '2025-01-06', 'enrolled');
INSERT INTO student_enrollments (timetable_id, student_number, enrollment_date, status) VALUES ('86d9be6e-cd89-4b0b-998d-57c29e19e025', 'S196', '2023-06-23', 'completed');
INSERT INTO student_enrollments (timetable_id, student_number, enrollment_date, status) VALUES ('09a92586-caf5-4e1a-a18a-d8e553017524', 'S094', '2024-09-02', 'enrolled');
INSERT INTO student_enrollments (timetable_id, student_number, enrollment_date, status) VALUES ('d1d61ff6-be15-4bef-aca1-58e1515b835f', 'S131', '2025-06-13', 'completed');
INSERT INTO student_enrollments (timetable_id, student_number, enrollment_date, status) VALUES ('ed1fbeef-c870-4cdd-9cfe-2de2ca15c938', 'S101', '2024-03-08', 'completed');
INSERT INTO student_enrollments (timetable_id, student_number, enrollment_date, status) VALUES ('73550333-e178-4dc1-9580-6583a37bf341', 'S041', '2025-04-01', 'completed');
INSERT INTO student_enrollments (timetable_id, student_number, enrollment_date, status) VALUES ('afcd08e7-e662-401b-8b24-e7ab4dee06a4', 'S043', '2024-06-15', 'completed');
INSERT INTO student_enrollments (timetable_id, student_number, enrollment_date, status) VALUES ('9024288b-eb0a-4c5c-aa16-3d9926c76789', 'S138', '2025-02-08', 'completed');
INSERT INTO student_enrollments (timetable_id, student_number, enrollment_date, status) VALUES ('09a92586-caf5-4e1a-a18a-d8e553017524', 'S132', '2024-01-26', 'completed');
INSERT INTO student_enrollments (timetable_id, student_number, enrollment_date, status) VALUES ('5c4d4c6b-6a86-472d-89e7-9f7912c28e39', 'S176', '2025-05-28', 'enrolled');
INSERT INTO student_enrollments (timetable_id, student_number, enrollment_date, status) VALUES ('6545be18-dcd6-4c9f-9191-5d9dc82c64d1', 'S150', '2023-12-23', 'completed');
INSERT INTO student_enrollments (timetable_id, student_number, enrollment_date, status) VALUES ('8491e735-cdc0-4e83-ab00-54562a6111bc', 'S181', '2023-12-13', 'dropped');
INSERT INTO student_enrollments (timetable_id, student_number, enrollment_date, status) VALUES ('2771230f-6204-4414-8ebd-afd8144c9ae0', 'S078', '2023-11-02', 'completed');
INSERT INTO student_enrollments (timetable_id, student_number, enrollment_date, status) VALUES ('36c3d043-a096-4b3f-967a-f7c0b819b38d', 'S185', '2025-01-24', 'completed');
INSERT INTO student_enrollments (timetable_id, student_number, enrollment_date, status) VALUES ('6545be18-dcd6-4c9f-9191-5d9dc82c64d1', 'S096', '2024-08-20', 'enrolled');
INSERT INTO student_enrollments (timetable_id, student_number, enrollment_date, status) VALUES ('e32dfac2-47a8-4b70-bd85-77c89cdf9f07', 'S003', '2024-07-27', 'dropped');
INSERT INTO student_enrollments (timetable_id, student_number, enrollment_date, status) VALUES ('d1d61ff6-be15-4bef-aca1-58e1515b835f', 'S012', '2025-03-08', 'dropped');
INSERT INTO student_enrollments (timetable_id, student_number, enrollment_date, status) VALUES ('47bf3672-a2af-401b-9bdb-5a4dfd11f7d9', 'S108', '2023-11-05', 'enrolled');
INSERT INTO student_enrollments (timetable_id, student_number, enrollment_date, status) VALUES ('f66300b3-1dc8-460a-8808-9688b26cb8f3', 'S007', '2023-11-02', 'dropped');
INSERT INTO student_enrollments (timetable_id, student_number, enrollment_date, status) VALUES ('0c45f1a7-e2e8-4d85-aa9e-1a9c0eb46a89', 'S024', '2025-03-27', 'completed');
INSERT INTO student_enrollments (timetable_id, student_number, enrollment_date, status) VALUES ('d1d61ff6-be15-4bef-aca1-58e1515b835f', 'S136', '2025-03-08', 'completed');
INSERT INTO student_enrollments (timetable_id, student_number, enrollment_date, status) VALUES ('66b01205-e6dc-4b91-a0bf-e7631c30e2ae', 'S192', '2024-03-30', 'enrolled');
INSERT INTO student_enrollments (timetable_id, student_number, enrollment_date, status) VALUES ('86d9be6e-cd89-4b0b-998d-57c29e19e025', 'S046', '2024-06-07', 'dropped');
INSERT INTO student_enrollments (timetable_id, student_number, enrollment_date, status) VALUES ('0c45f1a7-e2e8-4d85-aa9e-1a9c0eb46a89', 'S146', '2024-12-02', 'completed');
INSERT INTO student_enrollments (timetable_id, student_number, enrollment_date, status) VALUES ('87f664f4-d0da-499a-8f88-b87130b90ec1', 'S113', '2024-02-04', 'enrolled');
INSERT INTO student_enrollments (timetable_id, student_number, enrollment_date, status) VALUES ('345a6eef-e9e4-4f35-a388-531d1fc3859d', 'S085', '2024-01-20', 'enrolled');
INSERT INTO student_enrollments (timetable_id, student_number, enrollment_date, status) VALUES ('e32dfac2-47a8-4b70-bd85-77c89cdf9f07', 'S057', '2023-11-23', 'dropped');
INSERT INTO student_enrollments (timetable_id, student_number, enrollment_date, status) VALUES ('5836cd8a-ea57-4bc4-941a-8ed63ef7ef40', 'S058', '2025-03-26', 'completed');
INSERT INTO student_enrollments (timetable_id, student_number, enrollment_date, status) VALUES ('8491e735-cdc0-4e83-ab00-54562a6111bc', 'S123', '2023-09-22', 'enrolled');
INSERT INTO student_enrollments (timetable_id, student_number, enrollment_date, status) VALUES ('0c45f1a7-e2e8-4d85-aa9e-1a9c0eb46a89', 'S147', '2024-09-03', 'enrolled');
INSERT INTO student_enrollments (timetable_id, student_number, enrollment_date, status) VALUES ('5836cd8a-ea57-4bc4-941a-8ed63ef7ef40', 'S160', '2024-07-11', 'dropped');
INSERT INTO student_enrollments (timetable_id, student_number, enrollment_date, status) VALUES ('d1d61ff6-be15-4bef-aca1-58e1515b835f', 'S144', '2023-08-31', 'completed');
INSERT INTO student_enrollments (timetable_id, student_number, enrollment_date, status) VALUES ('87f664f4-d0da-499a-8f88-b87130b90ec1', 'S026', '2025-04-03', 'completed');
INSERT INTO student_enrollments (timetable_id, student_number, enrollment_date, status) VALUES ('f8af78c3-0c4d-4884-9d41-9289747eb341', 'S179', '2024-10-27', 'dropped');
INSERT INTO student_enrollments (timetable_id, student_number, enrollment_date, status) VALUES ('5836cd8a-ea57-4bc4-941a-8ed63ef7ef40', 'S020', '2023-12-19', 'dropped');
INSERT INTO student_enrollments (timetable_id, student_number, enrollment_date, status) VALUES ('70203be6-923d-4664-8c10-84dbac060129', 'S147', '2024-10-22', 'dropped');
INSERT INTO student_enrollments (timetable_id, student_number, enrollment_date, status) VALUES ('e32dfac2-47a8-4b70-bd85-77c89cdf9f07', 'S172', '2024-03-14', 'completed');
INSERT INTO student_enrollments (timetable_id, student_number, enrollment_date, status) VALUES ('39036f49-34c4-42c7-bb8a-8d69a3e59e1c', 'S009', '2024-09-14', 'dropped');
INSERT INTO student_enrollments (timetable_id, student_number, enrollment_date, status) VALUES ('f8af78c3-0c4d-4884-9d41-9289747eb341', 'S090', '2023-08-14', 'dropped');
INSERT INTO student_enrollments (timetable_id, student_number, enrollment_date, status) VALUES ('2771230f-6204-4414-8ebd-afd8144c9ae0', 'S089', '2023-10-23', 'dropped');
INSERT INTO student_enrollments (timetable_id, student_number, enrollment_date, status) VALUES ('86d9be6e-cd89-4b0b-998d-57c29e19e025', 'S008', '2024-05-10', 'completed');
INSERT INTO student_enrollments (timetable_id, student_number, enrollment_date, status) VALUES ('bb0133d5-5a1c-4d66-82f5-72dafd1b8c7c', 'S035', '2025-02-28', 'dropped');
INSERT INTO student_enrollments (timetable_id, student_number, enrollment_date, status) VALUES ('2bbea37f-2de1-4214-9282-8daf487e0bb9', 'S070', '2023-08-22', 'completed');
INSERT INTO student_enrollments (timetable_id, student_number, enrollment_date, status) VALUES ('0c45f1a7-e2e8-4d85-aa9e-1a9c0eb46a89', 'S058', '2024-08-07', 'enrolled');
INSERT INTO student_enrollments (timetable_id, student_number, enrollment_date, status) VALUES ('09a92586-caf5-4e1a-a18a-d8e553017524', 'S006', '2024-12-30', 'enrolled');
INSERT INTO student_enrollments (timetable_id, student_number, enrollment_date, status) VALUES ('6545be18-dcd6-4c9f-9191-5d9dc82c64d1', 'S190', '2023-07-06', 'completed');
INSERT INTO student_enrollments (timetable_id, student_number, enrollment_date, status) VALUES ('70203be6-923d-4664-8c10-84dbac060129', 'S182', '2024-08-14', 'dropped');
INSERT INTO student_enrollments (timetable_id, student_number, enrollment_date, status) VALUES ('5836cd8a-ea57-4bc4-941a-8ed63ef7ef40', 'S109', '2025-02-01', 'enrolled');
INSERT INTO student_enrollments (timetable_id, student_number, enrollment_date, status) VALUES ('89e2b70b-08f7-4a5b-ba8b-2d35ef653813', 'S084', '2024-08-13', 'enrolled');
INSERT INTO student_enrollments (timetable_id, student_number, enrollment_date, status) VALUES ('f66300b3-1dc8-460a-8808-9688b26cb8f3', 'S042', '2023-07-25', 'completed');
INSERT INTO student_enrollments (timetable_id, student_number, enrollment_date, status) VALUES ('09a92586-caf5-4e1a-a18a-d8e553017524', 'S027', '2024-05-18', 'dropped');
INSERT INTO student_enrollments (timetable_id, student_number, enrollment_date, status) VALUES ('73550333-e178-4dc1-9580-6583a37bf341', 'S158', '2024-04-02', 'enrolled');
INSERT INTO student_enrollments (timetable_id, student_number, enrollment_date, status) VALUES ('70203be6-923d-4664-8c10-84dbac060129', 'S174', '2023-12-06', 'enrolled');
INSERT INTO student_enrollments (timetable_id, student_number, enrollment_date, status) VALUES ('bb0133d5-5a1c-4d66-82f5-72dafd1b8c7c', 'S048', '2023-10-20', 'completed');
INSERT INTO student_enrollments (timetable_id, student_number, enrollment_date, status) VALUES ('4c14aa1c-334a-47b7-9e67-cb2329a32e0c', 'S168', '2024-11-12', 'dropped');
INSERT INTO student_enrollments (timetable_id, student_number, enrollment_date, status) VALUES ('f66300b3-1dc8-460a-8808-9688b26cb8f3', 'S122', '2023-11-01', 'dropped');
INSERT INTO student_enrollments (timetable_id, student_number, enrollment_date, status) VALUES ('73550333-e178-4dc1-9580-6583a37bf341', 'S021', '2024-09-30', 'dropped');
INSERT INTO student_enrollments (timetable_id, student_number, enrollment_date, status) VALUES ('bb0133d5-5a1c-4d66-82f5-72dafd1b8c7c', 'S086', '2025-05-10', 'dropped');
INSERT INTO student_enrollments (timetable_id, student_number, enrollment_date, status) VALUES ('86d9be6e-cd89-4b0b-998d-57c29e19e025', 'S119', '2024-07-01', 'dropped');
INSERT INTO student_enrollments (timetable_id, student_number, enrollment_date, status) VALUES ('f66300b3-1dc8-460a-8808-9688b26cb8f3', 'S160', '2025-06-11', 'enrolled');
INSERT INTO student_enrollments (timetable_id, student_number, enrollment_date, status) VALUES ('dfb24fdc-c796-4da8-b86b-3bbab0bbc04d', 'S103', '2024-10-12', 'dropped');
INSERT INTO student_enrollments (timetable_id, student_number, enrollment_date, status) VALUES ('70de1ce9-32d4-4c2d-98ad-77c3a8c46149', 'S127', '2023-12-03', 'enrolled');
INSERT INTO student_enrollments (timetable_id, student_number, enrollment_date, status) VALUES ('345a6eef-e9e4-4f35-a388-531d1fc3859d', 'S176', '2025-04-08', 'enrolled');
INSERT INTO student_enrollments (timetable_id, student_number, enrollment_date, status) VALUES ('86d9be6e-cd89-4b0b-998d-57c29e19e025', 'S189', '2024-10-03', 'dropped');
INSERT INTO student_enrollments (timetable_id, student_number, enrollment_date, status) VALUES ('2bbea37f-2de1-4214-9282-8daf487e0bb9', 'S054', '2024-10-01', 'dropped');
INSERT INTO student_enrollments (timetable_id, student_number, enrollment_date, status) VALUES ('89e2b70b-08f7-4a5b-ba8b-2d35ef653813', 'S122', '2024-09-27', 'completed');
INSERT INTO student_enrollments (timetable_id, student_number, enrollment_date, status) VALUES ('345a6eef-e9e4-4f35-a388-531d1fc3859d', 'S174', '2023-12-06', 'completed');
INSERT INTO student_enrollments (timetable_id, student_number, enrollment_date, status) VALUES ('9f9feac3-6553-4b18-8257-5c47e58afcfa', 'S175', '2023-06-30', 'enrolled');
INSERT INTO student_enrollments (timetable_id, student_number, enrollment_date, status) VALUES ('2bbea37f-2de1-4214-9282-8daf487e0bb9', 'S125', '2023-07-27', 'dropped');
INSERT INTO student_enrollments (timetable_id, student_number, enrollment_date, status) VALUES ('9024288b-eb0a-4c5c-aa16-3d9926c76789', 'S096', '2024-10-22', 'dropped');
INSERT INTO student_enrollments (timetable_id, student_number, enrollment_date, status) VALUES ('5c4d4c6b-6a86-472d-89e7-9f7912c28e39', 'S019', '2024-11-02', 'enrolled');
INSERT INTO student_enrollments (timetable_id, student_number, enrollment_date, status) VALUES ('36c3d043-a096-4b3f-967a-f7c0b819b38d', 'S165', '2024-11-07', 'completed');
INSERT INTO student_enrollments (timetable_id, student_number, enrollment_date, status) VALUES ('bb0133d5-5a1c-4d66-82f5-72dafd1b8c7c', 'S144', '2023-08-14', 'enrolled');
INSERT INTO student_enrollments (timetable_id, student_number, enrollment_date, status) VALUES ('47bf3672-a2af-401b-9bdb-5a4dfd11f7d9', 'S046', '2024-11-29', 'completed');
INSERT INTO student_enrollments (timetable_id, student_number, enrollment_date, status) VALUES ('f8af78c3-0c4d-4884-9d41-9289747eb341', 'S183', '2024-01-10', 'enrolled');
INSERT INTO student_enrollments (timetable_id, student_number, enrollment_date, status) VALUES ('2bbea37f-2de1-4214-9282-8daf487e0bb9', 'S113', '2025-04-20', 'enrolled');
INSERT INTO student_enrollments (timetable_id, student_number, enrollment_date, status) VALUES ('9f9feac3-6553-4b18-8257-5c47e58afcfa', 'S161', '2023-11-18', 'completed');
INSERT INTO student_enrollments (timetable_id, student_number, enrollment_date, status) VALUES ('e32dfac2-47a8-4b70-bd85-77c89cdf9f07', 'S036', '2025-04-15', 'dropped');
INSERT INTO student_enrollments (timetable_id, student_number, enrollment_date, status) VALUES ('09a92586-caf5-4e1a-a18a-d8e553017524', 'S086', '2023-12-22', 'enrolled');
INSERT INTO student_enrollments (timetable_id, student_number, enrollment_date, status) VALUES ('66b01205-e6dc-4b91-a0bf-e7631c30e2ae', 'S113', '2024-02-18', 'dropped');
INSERT INTO student_enrollments (timetable_id, student_number, enrollment_date, status) VALUES ('bb0133d5-5a1c-4d66-82f5-72dafd1b8c7c', 'S026', '2025-02-18', 'enrolled');
INSERT INTO student_enrollments (timetable_id, student_number, enrollment_date, status) VALUES ('4c14aa1c-334a-47b7-9e67-cb2329a32e0c', 'S151', '2025-05-14', 'enrolled');
INSERT INTO student_enrollments (timetable_id, student_number, enrollment_date, status) VALUES ('70de1ce9-32d4-4c2d-98ad-77c3a8c46149', 'S131', '2024-06-14', 'dropped');
INSERT INTO student_enrollments (timetable_id, student_number, enrollment_date, status) VALUES ('87f664f4-d0da-499a-8f88-b87130b90ec1', 'S133', '2025-05-09', 'dropped');
INSERT INTO student_enrollments (timetable_id, student_number, enrollment_date, status) VALUES ('47bf3672-a2af-401b-9bdb-5a4dfd11f7d9', 'S054', '2023-09-04', 'dropped');
INSERT INTO student_enrollments (timetable_id, student_number, enrollment_date, status) VALUES ('bb0133d5-5a1c-4d66-82f5-72dafd1b8c7c', 'S001', '2024-04-05', 'completed');
INSERT INTO student_enrollments (timetable_id, student_number, enrollment_date, status) VALUES ('9024288b-eb0a-4c5c-aa16-3d9926c76789', 'S105', '2024-02-06', 'completed');
INSERT INTO student_enrollments (timetable_id, student_number, enrollment_date, status) VALUES ('e32dfac2-47a8-4b70-bd85-77c89cdf9f07', 'S060', '2024-04-18', 'enrolled');
INSERT INTO student_enrollments (timetable_id, student_number, enrollment_date, status) VALUES ('dfb24fdc-c796-4da8-b86b-3bbab0bbc04d', 'S023', '2025-03-14', 'dropped');
INSERT INTO student_enrollments (timetable_id, student_number, enrollment_date, status) VALUES ('89e2b70b-08f7-4a5b-ba8b-2d35ef653813', 'S109', '2025-05-23', 'completed');
INSERT INTO student_enrollments (timetable_id, student_number, enrollment_date, status) VALUES ('4c14aa1c-334a-47b7-9e67-cb2329a32e0c', 'S061', '2023-10-07', 'dropped');
INSERT INTO student_enrollments (timetable_id, student_number, enrollment_date, status) VALUES ('dfb24fdc-c796-4da8-b86b-3bbab0bbc04d', 'S125', '2024-09-21', 'dropped');
INSERT INTO student_enrollments (timetable_id, student_number, enrollment_date, status) VALUES ('d1d61ff6-be15-4bef-aca1-58e1515b835f', 'S030', '2023-10-13', 'dropped');
INSERT INTO student_enrollments (timetable_id, student_number, enrollment_date, status) VALUES ('73550333-e178-4dc1-9580-6583a37bf341', 'S028', '2024-05-30', 'dropped');
INSERT INTO student_enrollments (timetable_id, student_number, enrollment_date, status) VALUES ('86d9be6e-cd89-4b0b-998d-57c29e19e025', 'S031', '2024-03-14', 'dropped');
INSERT INTO student_enrollments (timetable_id, student_number, enrollment_date, status) VALUES ('73550333-e178-4dc1-9580-6583a37bf341', 'S115', '2023-12-31', 'dropped');
INSERT INTO student_enrollments (timetable_id, student_number, enrollment_date, status) VALUES ('ed1fbeef-c870-4cdd-9cfe-2de2ca15c938', 'S091', '2024-01-07', 'dropped');
INSERT INTO student_enrollments (timetable_id, student_number, enrollment_date, status) VALUES ('9024288b-eb0a-4c5c-aa16-3d9926c76789', 'S038', '2024-02-07', 'enrolled');
INSERT INTO student_enrollments (timetable_id, student_number, enrollment_date, status) VALUES ('f66300b3-1dc8-460a-8808-9688b26cb8f3', 'S069', '2023-06-19', 'completed');
INSERT INTO student_enrollments (timetable_id, student_number, enrollment_date, status) VALUES ('9024288b-eb0a-4c5c-aa16-3d9926c76789', 'S176', '2023-12-04', 'completed');
INSERT INTO student_enrollments (timetable_id, student_number, enrollment_date, status) VALUES ('e32dfac2-47a8-4b70-bd85-77c89cdf9f07', 'S108', '2023-09-13', 'enrolled');
INSERT INTO student_enrollments (timetable_id, student_number, enrollment_date, status) VALUES ('70de1ce9-32d4-4c2d-98ad-77c3a8c46149', 'S083', '2024-05-26', 'completed');
INSERT INTO student_enrollments (timetable_id, student_number, enrollment_date, status) VALUES ('bb0133d5-5a1c-4d66-82f5-72dafd1b8c7c', 'S103', '2025-05-11', 'completed');
INSERT INTO student_enrollments (timetable_id, student_number, enrollment_date, status) VALUES ('2771230f-6204-4414-8ebd-afd8144c9ae0', 'S187', '2023-12-18', 'enrolled');
INSERT INTO student_enrollments (timetable_id, student_number, enrollment_date, status) VALUES ('f66300b3-1dc8-460a-8808-9688b26cb8f3', 'S058', '2024-12-21', 'completed');
INSERT INTO student_enrollments (timetable_id, student_number, enrollment_date, status) VALUES ('8491e735-cdc0-4e83-ab00-54562a6111bc', 'S160', '2024-08-31', 'enrolled');
INSERT INTO student_enrollments (timetable_id, student_number, enrollment_date, status) VALUES ('ed1fbeef-c870-4cdd-9cfe-2de2ca15c938', 'S083', '2024-06-17', 'enrolled');
INSERT INTO student_enrollments (timetable_id, student_number, enrollment_date, status) VALUES ('4c14aa1c-334a-47b7-9e67-cb2329a32e0c', 'S159', '2023-11-15', 'enrolled');
INSERT INTO student_enrollments (timetable_id, student_number, enrollment_date, status) VALUES ('09a92586-caf5-4e1a-a18a-d8e553017524', 'S054', '2025-02-09', 'enrolled');
INSERT INTO student_enrollments (timetable_id, student_number, enrollment_date, status) VALUES ('09a92586-caf5-4e1a-a18a-d8e553017524', 'S009', '2025-04-08', 'enrolled');
INSERT INTO student_enrollments (timetable_id, student_number, enrollment_date, status) VALUES ('73550333-e178-4dc1-9580-6583a37bf341', 'S188', '2024-04-01', 'completed');
INSERT INTO student_enrollments (timetable_id, student_number, enrollment_date, status) VALUES ('afcd08e7-e662-401b-8b24-e7ab4dee06a4', 'S057', '2024-10-24', 'completed');
INSERT INTO student_enrollments (timetable_id, student_number, enrollment_date, status) VALUES ('e32dfac2-47a8-4b70-bd85-77c89cdf9f07', 'S042', '2023-09-05', 'completed');
INSERT INTO student_enrollments (timetable_id, student_number, enrollment_date, status) VALUES ('afcd08e7-e662-401b-8b24-e7ab4dee06a4', 'S116', '2024-05-20', 'dropped');
INSERT INTO student_enrollments (timetable_id, student_number, enrollment_date, status) VALUES ('f8af78c3-0c4d-4884-9d41-9289747eb341', 'S093', '2023-07-31', 'completed');
INSERT INTO student_enrollments (timetable_id, student_number, enrollment_date, status) VALUES ('39036f49-34c4-42c7-bb8a-8d69a3e59e1c', 'S133', '2025-05-04', 'dropped');
INSERT INTO student_enrollments (timetable_id, student_number, enrollment_date, status) VALUES ('73550333-e178-4dc1-9580-6583a37bf341', 'S042', '2024-05-26', 'dropped');
INSERT INTO student_enrollments (timetable_id, student_number, enrollment_date, status) VALUES ('70de1ce9-32d4-4c2d-98ad-77c3a8c46149', 'S078', '2023-12-04', 'dropped');
INSERT INTO student_enrollments (timetable_id, student_number, enrollment_date, status) VALUES ('bb0133d5-5a1c-4d66-82f5-72dafd1b8c7c', 'S199', '2023-10-22', 'completed');
INSERT INTO student_enrollments (timetable_id, student_number, enrollment_date, status) VALUES ('0c45f1a7-e2e8-4d85-aa9e-1a9c0eb46a89', 'S010', '2024-01-14', 'enrolled');
INSERT INTO student_enrollments (timetable_id, student_number, enrollment_date, status) VALUES ('47bf3672-a2af-401b-9bdb-5a4dfd11f7d9', 'S064', '2023-07-29', 'dropped');
INSERT INTO student_enrollments (timetable_id, student_number, enrollment_date, status) VALUES ('2bbea37f-2de1-4214-9282-8daf487e0bb9', 'S196', '2025-03-02', 'dropped');
INSERT INTO student_enrollments (timetable_id, student_number, enrollment_date, status) VALUES ('f66300b3-1dc8-460a-8808-9688b26cb8f3', 'S190', '2023-07-09', 'completed');
INSERT INTO student_enrollments (timetable_id, student_number, enrollment_date, status) VALUES ('dfb24fdc-c796-4da8-b86b-3bbab0bbc04d', 'S073', '2023-09-08', 'dropped');
INSERT INTO student_enrollments (timetable_id, student_number, enrollment_date, status) VALUES ('89e2b70b-08f7-4a5b-ba8b-2d35ef653813', 'S024', '2023-10-23', 'completed');
INSERT INTO student_enrollments (timetable_id, student_number, enrollment_date, status) VALUES ('bb0133d5-5a1c-4d66-82f5-72dafd1b8c7c', 'S167', '2023-09-06', 'enrolled');
INSERT INTO student_enrollments (timetable_id, student_number, enrollment_date, status) VALUES ('bb0133d5-5a1c-4d66-82f5-72dafd1b8c7c', 'S018', '2024-04-02', 'dropped');
INSERT INTO student_enrollments (timetable_id, student_number, enrollment_date, status) VALUES ('f8af78c3-0c4d-4884-9d41-9289747eb341', 'S137', '2024-07-23', 'enrolled');
INSERT INTO student_enrollments (timetable_id, student_number, enrollment_date, status) VALUES ('0c45f1a7-e2e8-4d85-aa9e-1a9c0eb46a89', 'S189', '2023-12-18', 'enrolled');
INSERT INTO student_enrollments (timetable_id, student_number, enrollment_date, status) VALUES ('66b01205-e6dc-4b91-a0bf-e7631c30e2ae', 'S093', '2025-03-31', 'completed');
INSERT INTO student_enrollments (timetable_id, student_number, enrollment_date, status) VALUES ('9024288b-eb0a-4c5c-aa16-3d9926c76789', 'S170', '2024-04-17', 'completed');
INSERT INTO student_enrollments (timetable_id, student_number, enrollment_date, status) VALUES ('6545be18-dcd6-4c9f-9191-5d9dc82c64d1', 'S090', '2025-03-14', 'dropped');
INSERT INTO student_enrollments (timetable_id, student_number, enrollment_date, status) VALUES ('9024288b-eb0a-4c5c-aa16-3d9926c76789', 'S025', '2023-06-21', 'completed');
INSERT INTO student_enrollments (timetable_id, student_number, enrollment_date, status) VALUES ('bb0133d5-5a1c-4d66-82f5-72dafd1b8c7c', 'S181', '2024-04-27', 'dropped');
INSERT INTO student_enrollments (timetable_id, student_number, enrollment_date, status) VALUES ('86d9be6e-cd89-4b0b-998d-57c29e19e025', 'S100', '2023-11-19', 'enrolled');
INSERT INTO student_enrollments (timetable_id, student_number, enrollment_date, status) VALUES ('89e2b70b-08f7-4a5b-ba8b-2d35ef653813', 'S058', '2024-05-31', 'enrolled');
INSERT INTO student_enrollments (timetable_id, student_number, enrollment_date, status) VALUES ('8491e735-cdc0-4e83-ab00-54562a6111bc', 'S071', '2024-01-31', 'enrolled');
INSERT INTO student_enrollments (timetable_id, student_number, enrollment_date, status) VALUES ('0c45f1a7-e2e8-4d85-aa9e-1a9c0eb46a89', 'S170', '2024-04-24', 'completed');
INSERT INTO student_enrollments (timetable_id, student_number, enrollment_date, status) VALUES ('39036f49-34c4-42c7-bb8a-8d69a3e59e1c', 'S154', '2025-01-13', 'enrolled');
INSERT INTO student_enrollments (timetable_id, student_number, enrollment_date, status) VALUES ('5c4d4c6b-6a86-472d-89e7-9f7912c28e39', 'S108', '2023-09-24', 'dropped');
INSERT INTO student_enrollments (timetable_id, student_number, enrollment_date, status) VALUES ('70203be6-923d-4664-8c10-84dbac060129', 'S083', '2025-03-27', 'dropped');
INSERT INTO student_enrollments (timetable_id, student_number, enrollment_date, status) VALUES ('47bf3672-a2af-401b-9bdb-5a4dfd11f7d9', 'S122', '2024-01-31', 'dropped');
INSERT INTO student_enrollments (timetable_id, student_number, enrollment_date, status) VALUES ('70203be6-923d-4664-8c10-84dbac060129', 'S178', '2024-12-02', 'dropped');
INSERT INTO student_enrollments (timetable_id, student_number, enrollment_date, status) VALUES ('6545be18-dcd6-4c9f-9191-5d9dc82c64d1', 'S194', '2023-10-31', 'dropped');
INSERT INTO student_enrollments (timetable_id, student_number, enrollment_date, status) VALUES ('36c3d043-a096-4b3f-967a-f7c0b819b38d', 'S125', '2025-05-16', 'dropped');
INSERT INTO student_enrollments (timetable_id, student_number, enrollment_date, status) VALUES ('73550333-e178-4dc1-9580-6583a37bf341', 'S174', '2023-07-06', 'completed');
INSERT INTO student_enrollments (timetable_id, student_number, enrollment_date, status) VALUES ('66b01205-e6dc-4b91-a0bf-e7631c30e2ae', 'S127', '2025-01-07', 'completed');
INSERT INTO student_enrollments (timetable_id, student_number, enrollment_date, status) VALUES ('70de1ce9-32d4-4c2d-98ad-77c3a8c46149', 'S069', '2024-01-28', 'dropped');
INSERT INTO student_enrollments (timetable_id, student_number, enrollment_date, status) VALUES ('5836cd8a-ea57-4bc4-941a-8ed63ef7ef40', 'S080', '2024-11-09', 'enrolled');
INSERT INTO student_enrollments (timetable_id, student_number, enrollment_date, status) VALUES ('36c3d043-a096-4b3f-967a-f7c0b819b38d', 'S066', '2024-08-30', 'enrolled');
INSERT INTO student_enrollments (timetable_id, student_number, enrollment_date, status) VALUES ('70203be6-923d-4664-8c10-84dbac060129', 'S168', '2025-03-08', 'enrolled');
INSERT INTO student_enrollments (timetable_id, student_number, enrollment_date, status) VALUES ('70de1ce9-32d4-4c2d-98ad-77c3a8c46149', 'S150', '2023-11-07', 'dropped');
INSERT INTO student_enrollments (timetable_id, student_number, enrollment_date, status) VALUES ('d1d61ff6-be15-4bef-aca1-58e1515b835f', 'S094', '2024-11-14', 'completed');
INSERT INTO student_enrollments (timetable_id, student_number, enrollment_date, status) VALUES ('86d9be6e-cd89-4b0b-998d-57c29e19e025', 'S173', '2023-09-14', 'completed');
INSERT INTO student_enrollments (timetable_id, student_number, enrollment_date, status) VALUES ('39036f49-34c4-42c7-bb8a-8d69a3e59e1c', 'S176', '2023-06-24', 'enrolled');
INSERT INTO student_enrollments (timetable_id, student_number, enrollment_date, status) VALUES ('2771230f-6204-4414-8ebd-afd8144c9ae0', 'S056', '2025-04-17', 'completed');
INSERT INTO student_enrollments (timetable_id, student_number, enrollment_date, status) VALUES ('09a92586-caf5-4e1a-a18a-d8e553017524', 'S195', '2024-11-15', 'enrolled');
INSERT INTO student_enrollments (timetable_id, student_number, enrollment_date, status) VALUES ('87f664f4-d0da-499a-8f88-b87130b90ec1', 'S046', '2023-07-14', 'dropped');
INSERT INTO student_enrollments (timetable_id, student_number, enrollment_date, status) VALUES ('d1d61ff6-be15-4bef-aca1-58e1515b835f', 'S045', '2025-03-04', 'enrolled');
INSERT INTO student_enrollments (timetable_id, student_number, enrollment_date, status) VALUES ('9f9feac3-6553-4b18-8257-5c47e58afcfa', 'S179', '2024-08-20', 'enrolled');
INSERT INTO student_enrollments (timetable_id, student_number, enrollment_date, status) VALUES ('09a92586-caf5-4e1a-a18a-d8e553017524', 'S033', '2023-11-02', 'dropped');
INSERT INTO student_enrollments (timetable_id, student_number, enrollment_date, status) VALUES ('5c4d4c6b-6a86-472d-89e7-9f7912c28e39', 'S170', '2024-09-11', 'dropped');
INSERT INTO student_enrollments (timetable_id, student_number, enrollment_date, status) VALUES ('5c4d4c6b-6a86-472d-89e7-9f7912c28e39', 'S023', '2024-05-07', 'dropped');
INSERT INTO student_enrollments (timetable_id, student_number, enrollment_date, status) VALUES ('ed1fbeef-c870-4cdd-9cfe-2de2ca15c938', 'S014', '2024-09-14', 'completed');
INSERT INTO student_enrollments (timetable_id, student_number, enrollment_date, status) VALUES ('9f9feac3-6553-4b18-8257-5c47e58afcfa', 'S115', '2023-08-20', 'completed');
INSERT INTO student_enrollments (timetable_id, student_number, enrollment_date, status) VALUES ('86d9be6e-cd89-4b0b-998d-57c29e19e025', 'S087', '2023-10-19', 'completed');
INSERT INTO student_enrollments (timetable_id, student_number, enrollment_date, status) VALUES ('70de1ce9-32d4-4c2d-98ad-77c3a8c46149', 'S073', '2023-06-21', 'dropped');
INSERT INTO student_enrollments (timetable_id, student_number, enrollment_date, status) VALUES ('9f9feac3-6553-4b18-8257-5c47e58afcfa', 'S194', '2025-01-14', 'dropped');
INSERT INTO student_enrollments (timetable_id, student_number, enrollment_date, status) VALUES ('9024288b-eb0a-4c5c-aa16-3d9926c76789', 'S110', '2024-02-08', 'completed');
INSERT INTO student_enrollments (timetable_id, student_number, enrollment_date, status) VALUES ('70203be6-923d-4664-8c10-84dbac060129', 'S035', '2024-08-08', 'dropped');
INSERT INTO student_enrollments (timetable_id, student_number, enrollment_date, status) VALUES ('345a6eef-e9e4-4f35-a388-531d1fc3859d', 'S063', '2024-10-01', 'enrolled');
INSERT INTO student_enrollments (timetable_id, student_number, enrollment_date, status) VALUES ('73550333-e178-4dc1-9580-6583a37bf341', 'S175', '2024-02-05', 'dropped');
INSERT INTO student_enrollments (timetable_id, student_number, enrollment_date, status) VALUES ('9024288b-eb0a-4c5c-aa16-3d9926c76789', 'S020', '2025-02-11', 'enrolled');
INSERT INTO student_enrollments (timetable_id, student_number, enrollment_date, status) VALUES ('5c4d4c6b-6a86-472d-89e7-9f7912c28e39', 'S132', '2024-12-31', 'dropped');
INSERT INTO student_enrollments (timetable_id, student_number, enrollment_date, status) VALUES ('dfb24fdc-c796-4da8-b86b-3bbab0bbc04d', 'S007', '2024-12-25', 'completed');
INSERT INTO student_enrollments (timetable_id, student_number, enrollment_date, status) VALUES ('2bbea37f-2de1-4214-9282-8daf487e0bb9', 'S020', '2024-09-24', 'dropped');
INSERT INTO student_enrollments (timetable_id, student_number, enrollment_date, status) VALUES ('e32dfac2-47a8-4b70-bd85-77c89cdf9f07', 'S023', '2023-11-22', 'enrolled');
INSERT INTO student_enrollments (timetable_id, student_number, enrollment_date, status) VALUES ('0c45f1a7-e2e8-4d85-aa9e-1a9c0eb46a89', 'S135', '2023-06-23', 'dropped');
INSERT INTO student_enrollments (timetable_id, student_number, enrollment_date, status) VALUES ('dfb24fdc-c796-4da8-b86b-3bbab0bbc04d', 'S171', '2024-12-12', 'enrolled');
INSERT INTO student_enrollments (timetable_id, student_number, enrollment_date, status) VALUES ('73550333-e178-4dc1-9580-6583a37bf341', 'S023', '2024-09-19', 'completed');
INSERT INTO student_enrollments (timetable_id, student_number, enrollment_date, status) VALUES ('4c14aa1c-334a-47b7-9e67-cb2329a32e0c', 'S121', '2025-02-27', 'completed');
INSERT INTO student_enrollments (timetable_id, student_number, enrollment_date, status) VALUES ('bb0133d5-5a1c-4d66-82f5-72dafd1b8c7c', 'S012', '2023-12-07', 'dropped');
INSERT INTO student_enrollments (timetable_id, student_number, enrollment_date, status) VALUES ('9f9feac3-6553-4b18-8257-5c47e58afcfa', 'S133', '2023-08-20', 'dropped');
INSERT INTO student_enrollments (timetable_id, student_number, enrollment_date, status) VALUES ('0c45f1a7-e2e8-4d85-aa9e-1a9c0eb46a89', 'S104', '2025-05-07', 'completed');
INSERT INTO student_enrollments (timetable_id, student_number, enrollment_date, status) VALUES ('5836cd8a-ea57-4bc4-941a-8ed63ef7ef40', 'S163', '2025-01-22', 'completed');
INSERT INTO student_enrollments (timetable_id, student_number, enrollment_date, status) VALUES ('66b01205-e6dc-4b91-a0bf-e7631c30e2ae', 'S098', '2024-04-18', 'dropped');
INSERT INTO student_enrollments (timetable_id, student_number, enrollment_date, status) VALUES ('5c4d4c6b-6a86-472d-89e7-9f7912c28e39', 'S053', '2024-09-03', 'completed');
INSERT INTO student_enrollments (timetable_id, student_number, enrollment_date, status) VALUES ('70de1ce9-32d4-4c2d-98ad-77c3a8c46149', 'S004', '2023-12-17', 'completed');
INSERT INTO student_enrollments (timetable_id, student_number, enrollment_date, status) VALUES ('d1d61ff6-be15-4bef-aca1-58e1515b835f', 'S172', '2024-05-06', 'enrolled');
INSERT INTO student_enrollments (timetable_id, student_number, enrollment_date, status) VALUES ('09a92586-caf5-4e1a-a18a-d8e553017524', 'S136', '2023-10-15', 'enrolled');
INSERT INTO student_enrollments (timetable_id, student_number, enrollment_date, status) VALUES ('d1d61ff6-be15-4bef-aca1-58e1515b835f', 'S093', '2024-08-15', 'completed');
INSERT INTO student_enrollments (timetable_id, student_number, enrollment_date, status) VALUES ('47bf3672-a2af-401b-9bdb-5a4dfd11f7d9', 'S002', '2024-12-24', 'dropped');
INSERT INTO student_enrollments (timetable_id, student_number, enrollment_date, status) VALUES ('4c14aa1c-334a-47b7-9e67-cb2329a32e0c', 'S019', '2024-06-05', 'completed');
INSERT INTO student_enrollments (timetable_id, student_number, enrollment_date, status) VALUES ('d1d61ff6-be15-4bef-aca1-58e1515b835f', 'S170', '2023-09-25', 'completed');
INSERT INTO student_enrollments (timetable_id, student_number, enrollment_date, status) VALUES ('39036f49-34c4-42c7-bb8a-8d69a3e59e1c', 'S188', '2023-10-17', 'dropped');
INSERT INTO student_enrollments (timetable_id, student_number, enrollment_date, status) VALUES ('bb0133d5-5a1c-4d66-82f5-72dafd1b8c7c', 'S112', '2023-07-09', 'enrolled');
INSERT INTO student_enrollments (timetable_id, student_number, enrollment_date, status) VALUES ('5c4d4c6b-6a86-472d-89e7-9f7912c28e39', 'S070', '2023-09-20', 'dropped');
INSERT INTO student_enrollments (timetable_id, student_number, enrollment_date, status) VALUES ('47bf3672-a2af-401b-9bdb-5a4dfd11f7d9', 'S028', '2024-05-05', 'dropped');
INSERT INTO student_enrollments (timetable_id, student_number, enrollment_date, status) VALUES ('70de1ce9-32d4-4c2d-98ad-77c3a8c46149', 'S090', '2024-07-16', 'dropped');
INSERT INTO student_enrollments (timetable_id, student_number, enrollment_date, status) VALUES ('86d9be6e-cd89-4b0b-998d-57c29e19e025', 'S145', '2023-12-29', 'completed');
INSERT INTO student_enrollments (timetable_id, student_number, enrollment_date, status) VALUES ('4c14aa1c-334a-47b7-9e67-cb2329a32e0c', 'S067', '2023-08-26', 'enrolled');
INSERT INTO student_enrollments (timetable_id, student_number, enrollment_date, status) VALUES ('345a6eef-e9e4-4f35-a388-531d1fc3859d', 'S005', '2024-08-29', 'completed');
INSERT INTO student_enrollments (timetable_id, student_number, enrollment_date, status) VALUES ('bb0133d5-5a1c-4d66-82f5-72dafd1b8c7c', 'S039', '2024-08-10', 'dropped');
INSERT INTO student_enrollments (timetable_id, student_number, enrollment_date, status) VALUES ('89e2b70b-08f7-4a5b-ba8b-2d35ef653813', 'S178', '2023-07-08', 'dropped');
INSERT INTO student_enrollments (timetable_id, student_number, enrollment_date, status) VALUES ('8491e735-cdc0-4e83-ab00-54562a6111bc', 'S038', '2024-04-24', 'completed');
INSERT INTO student_enrollments (timetable_id, student_number, enrollment_date, status) VALUES ('d1d61ff6-be15-4bef-aca1-58e1515b835f', 'S129', '2024-06-28', 'dropped');
INSERT INTO student_enrollments (timetable_id, student_number, enrollment_date, status) VALUES ('0c45f1a7-e2e8-4d85-aa9e-1a9c0eb46a89', 'S062', '2025-03-22', 'completed');
INSERT INTO student_enrollments (timetable_id, student_number, enrollment_date, status) VALUES ('73550333-e178-4dc1-9580-6583a37bf341', 'S055', '2024-11-08', 'enrolled');
INSERT INTO student_enrollments (timetable_id, student_number, enrollment_date, status) VALUES ('6545be18-dcd6-4c9f-9191-5d9dc82c64d1', 'S167', '2023-06-25', 'dropped');
INSERT INTO student_enrollments (timetable_id, student_number, enrollment_date, status) VALUES ('0c45f1a7-e2e8-4d85-aa9e-1a9c0eb46a89', 'S088', '2024-07-31', 'enrolled');
INSERT INTO student_enrollments (timetable_id, student_number, enrollment_date, status) VALUES ('bb0133d5-5a1c-4d66-82f5-72dafd1b8c7c', 'S137', '2025-03-02', 'completed');
INSERT INTO student_enrollments (timetable_id, student_number, enrollment_date, status) VALUES ('5836cd8a-ea57-4bc4-941a-8ed63ef7ef40', 'S154', '2023-07-12', 'enrolled');
INSERT INTO student_enrollments (timetable_id, student_number, enrollment_date, status) VALUES ('70de1ce9-32d4-4c2d-98ad-77c3a8c46149', 'S156', '2023-11-09', 'enrolled');
INSERT INTO student_enrollments (timetable_id, student_number, enrollment_date, status) VALUES ('345a6eef-e9e4-4f35-a388-531d1fc3859d', 'S169', '2025-04-18', 'enrolled');
INSERT INTO student_enrollments (timetable_id, student_number, enrollment_date, status) VALUES ('09a92586-caf5-4e1a-a18a-d8e553017524', 'S165', '2024-01-04', 'dropped');
INSERT INTO student_enrollments (timetable_id, student_number, enrollment_date, status) VALUES ('bb0133d5-5a1c-4d66-82f5-72dafd1b8c7c', 'S102', '2023-10-03', 'completed');
INSERT INTO student_enrollments (timetable_id, student_number, enrollment_date, status) VALUES ('36c3d043-a096-4b3f-967a-f7c0b819b38d', 'S038', '2024-08-10', 'dropped');
INSERT INTO student_enrollments (timetable_id, student_number, enrollment_date, status) VALUES ('8491e735-cdc0-4e83-ab00-54562a6111bc', 'S131', '2024-02-25', 'enrolled');
INSERT INTO student_enrollments (timetable_id, student_number, enrollment_date, status) VALUES ('6545be18-dcd6-4c9f-9191-5d9dc82c64d1', 'S033', '2025-01-11', 'completed');
INSERT INTO student_enrollments (timetable_id, student_number, enrollment_date, status) VALUES ('ed1fbeef-c870-4cdd-9cfe-2de2ca15c938', 'S150', '2024-02-12', 'dropped');
INSERT INTO student_enrollments (timetable_id, student_number, enrollment_date, status) VALUES ('47bf3672-a2af-401b-9bdb-5a4dfd11f7d9', 'S088', '2025-04-26', 'completed');
INSERT INTO student_enrollments (timetable_id, student_number, enrollment_date, status) VALUES ('9024288b-eb0a-4c5c-aa16-3d9926c76789', 'S183', '2024-06-15', 'enrolled');
INSERT INTO student_enrollments (timetable_id, student_number, enrollment_date, status) VALUES ('ed1fbeef-c870-4cdd-9cfe-2de2ca15c938', 'S022', '2025-03-26', 'enrolled');
INSERT INTO student_enrollments (timetable_id, student_number, enrollment_date, status) VALUES ('bb0133d5-5a1c-4d66-82f5-72dafd1b8c7c', 'S041', '2023-07-19', 'dropped');
INSERT INTO student_enrollments (timetable_id, student_number, enrollment_date, status) VALUES ('ed1fbeef-c870-4cdd-9cfe-2de2ca15c938', 'S058', '2023-11-01', 'dropped');
INSERT INTO student_enrollments (timetable_id, student_number, enrollment_date, status) VALUES ('87f664f4-d0da-499a-8f88-b87130b90ec1', 'S086', '2023-11-23', 'completed');
INSERT INTO student_enrollments (timetable_id, student_number, enrollment_date, status) VALUES ('0c45f1a7-e2e8-4d85-aa9e-1a9c0eb46a89', 'S176', '2024-10-01', 'enrolled');
INSERT INTO student_enrollments (timetable_id, student_number, enrollment_date, status) VALUES ('2bbea37f-2de1-4214-9282-8daf487e0bb9', 'S186', '2025-03-05', 'completed');
INSERT INTO student_enrollments (timetable_id, student_number, enrollment_date, status) VALUES ('f66300b3-1dc8-460a-8808-9688b26cb8f3', 'S134', '2024-07-02', 'completed');
INSERT INTO student_enrollments (timetable_id, student_number, enrollment_date, status) VALUES ('36c3d043-a096-4b3f-967a-f7c0b819b38d', 'S012', '2024-07-08', 'completed');
INSERT INTO student_enrollments (timetable_id, student_number, enrollment_date, status) VALUES ('5836cd8a-ea57-4bc4-941a-8ed63ef7ef40', 'S083', '2024-04-05', 'completed');
INSERT INTO student_enrollments (timetable_id, student_number, enrollment_date, status) VALUES ('73550333-e178-4dc1-9580-6583a37bf341', 'S187', '2025-04-16', 'completed');
INSERT INTO student_enrollments (timetable_id, student_number, enrollment_date, status) VALUES ('70de1ce9-32d4-4c2d-98ad-77c3a8c46149', 'S037', '2024-10-26', 'enrolled');
INSERT INTO student_enrollments (timetable_id, student_number, enrollment_date, status) VALUES ('dfb24fdc-c796-4da8-b86b-3bbab0bbc04d', 'S056', '2024-02-29', 'completed');
INSERT INTO student_enrollments (timetable_id, student_number, enrollment_date, status) VALUES ('ed1fbeef-c870-4cdd-9cfe-2de2ca15c938', 'S042', '2024-04-11', 'dropped');
INSERT INTO student_enrollments (timetable_id, student_number, enrollment_date, status) VALUES ('d1d61ff6-be15-4bef-aca1-58e1515b835f', 'S083', '2023-08-21', 'dropped');
INSERT INTO student_enrollments (timetable_id, student_number, enrollment_date, status) VALUES ('5836cd8a-ea57-4bc4-941a-8ed63ef7ef40', 'S104', '2023-10-06', 'enrolled');
INSERT INTO student_enrollments (timetable_id, student_number, enrollment_date, status) VALUES ('dfb24fdc-c796-4da8-b86b-3bbab0bbc04d', 'S123', '2025-04-25', 'completed');
INSERT INTO student_enrollments (timetable_id, student_number, enrollment_date, status) VALUES ('4c14aa1c-334a-47b7-9e67-cb2329a32e0c', 'S012', '2025-02-20', 'enrolled');
INSERT INTO student_enrollments (timetable_id, student_number, enrollment_date, status) VALUES ('2bbea37f-2de1-4214-9282-8daf487e0bb9', 'S106', '2024-03-19', 'dropped');
INSERT INTO student_enrollments (timetable_id, student_number, enrollment_date, status) VALUES ('bb0133d5-5a1c-4d66-82f5-72dafd1b8c7c', 'S062', '2024-01-23', 'enrolled');
INSERT INTO student_enrollments (timetable_id, student_number, enrollment_date, status) VALUES ('89e2b70b-08f7-4a5b-ba8b-2d35ef653813', 'S102', '2023-09-20', 'completed');
INSERT INTO student_enrollments (timetable_id, student_number, enrollment_date, status) VALUES ('f66300b3-1dc8-460a-8808-9688b26cb8f3', 'S081', '2024-11-22', 'enrolled');
INSERT INTO student_enrollments (timetable_id, student_number, enrollment_date, status) VALUES ('2771230f-6204-4414-8ebd-afd8144c9ae0', 'S151', '2024-12-12', 'enrolled');
INSERT INTO student_enrollments (timetable_id, student_number, enrollment_date, status) VALUES ('39036f49-34c4-42c7-bb8a-8d69a3e59e1c', 'S079', '2024-02-26', 'enrolled');
INSERT INTO student_enrollments (timetable_id, student_number, enrollment_date, status) VALUES ('87f664f4-d0da-499a-8f88-b87130b90ec1', 'S119', '2025-04-19', 'completed');
INSERT INTO student_enrollments (timetable_id, student_number, enrollment_date, status) VALUES ('9f9feac3-6553-4b18-8257-5c47e58afcfa', 'S016', '2023-10-22', 'completed');
INSERT INTO student_enrollments (timetable_id, student_number, enrollment_date, status) VALUES ('f8af78c3-0c4d-4884-9d41-9289747eb341', 'S066', '2024-05-04', 'completed');
INSERT INTO student_enrollments (timetable_id, student_number, enrollment_date, status) VALUES ('9f9feac3-6553-4b18-8257-5c47e58afcfa', 'S160', '2024-06-13', 'completed');
INSERT INTO student_enrollments (timetable_id, student_number, enrollment_date, status) VALUES ('afcd08e7-e662-401b-8b24-e7ab4dee06a4', 'S003', '2024-11-03', 'enrolled');
INSERT INTO student_enrollments (timetable_id, student_number, enrollment_date, status) VALUES ('8491e735-cdc0-4e83-ab00-54562a6111bc', 'S106', '2024-10-03', 'completed');
INSERT INTO student_enrollments (timetable_id, student_number, enrollment_date, status) VALUES ('8491e735-cdc0-4e83-ab00-54562a6111bc', 'S166', '2025-02-04', 'completed');
INSERT INTO student_enrollments (timetable_id, student_number, enrollment_date, status) VALUES ('86d9be6e-cd89-4b0b-998d-57c29e19e025', 'S068', '2023-10-07', 'dropped');
INSERT INTO student_enrollments (timetable_id, student_number, enrollment_date, status) VALUES ('47bf3672-a2af-401b-9bdb-5a4dfd11f7d9', 'S066', '2025-05-01', 'dropped');
INSERT INTO student_enrollments (timetable_id, student_number, enrollment_date, status) VALUES ('70203be6-923d-4664-8c10-84dbac060129', 'S080', '2023-11-17', 'completed');
INSERT INTO student_enrollments (timetable_id, student_number, enrollment_date, status) VALUES ('9024288b-eb0a-4c5c-aa16-3d9926c76789', 'S145', '2024-09-24', 'completed');
INSERT INTO student_enrollments (timetable_id, student_number, enrollment_date, status) VALUES ('dfb24fdc-c796-4da8-b86b-3bbab0bbc04d', 'S167', '2024-03-30', 'dropped');
INSERT INTO student_enrollments (timetable_id, student_number, enrollment_date, status) VALUES ('5836cd8a-ea57-4bc4-941a-8ed63ef7ef40', 'S044', '2024-02-20', 'completed');
INSERT INTO student_enrollments (timetable_id, student_number, enrollment_date, status) VALUES ('bb0133d5-5a1c-4d66-82f5-72dafd1b8c7c', 'S055', '2024-06-30', 'dropped');
INSERT INTO student_enrollments (timetable_id, student_number, enrollment_date, status) VALUES ('afcd08e7-e662-401b-8b24-e7ab4dee06a4', 'S039', '2023-12-19', 'enrolled');
INSERT INTO student_enrollments (timetable_id, student_number, enrollment_date, status) VALUES ('8491e735-cdc0-4e83-ab00-54562a6111bc', 'S100', '2023-06-23', 'dropped');
INSERT INTO student_enrollments (timetable_id, student_number, enrollment_date, status) VALUES ('47bf3672-a2af-401b-9bdb-5a4dfd11f7d9', 'S193', '2024-12-30', 'dropped');
INSERT INTO student_enrollments (timetable_id, student_number, enrollment_date, status) VALUES ('345a6eef-e9e4-4f35-a388-531d1fc3859d', 'S032', '2025-01-23', 'enrolled');
INSERT INTO student_enrollments (timetable_id, student_number, enrollment_date, status) VALUES ('70203be6-923d-4664-8c10-84dbac060129', 'S172', '2024-12-20', 'dropped');
INSERT INTO student_enrollments (timetable_id, student_number, enrollment_date, status) VALUES ('afcd08e7-e662-401b-8b24-e7ab4dee06a4', 'S132', '2024-06-01', 'dropped');
INSERT INTO student_enrollments (timetable_id, student_number, enrollment_date, status) VALUES ('dfb24fdc-c796-4da8-b86b-3bbab0bbc04d', 'S045', '2024-04-23', 'dropped');
INSERT INTO student_enrollments (timetable_id, student_number, enrollment_date, status) VALUES ('70de1ce9-32d4-4c2d-98ad-77c3a8c46149', 'S095', '2024-11-29', 'dropped');
INSERT INTO student_enrollments (timetable_id, student_number, enrollment_date, status) VALUES ('73550333-e178-4dc1-9580-6583a37bf341', 'S102', '2024-03-12', 'completed');
INSERT INTO student_enrollments (timetable_id, student_number, enrollment_date, status) VALUES ('36c3d043-a096-4b3f-967a-f7c0b819b38d', 'S001', '2024-12-17', 'dropped');
INSERT INTO student_enrollments (timetable_id, student_number, enrollment_date, status) VALUES ('5836cd8a-ea57-4bc4-941a-8ed63ef7ef40', 'S197', '2023-10-30', 'dropped');
INSERT INTO student_enrollments (timetable_id, student_number, enrollment_date, status) VALUES ('66b01205-e6dc-4b91-a0bf-e7631c30e2ae', 'S092', '2023-10-02', 'enrolled');
INSERT INTO student_enrollments (timetable_id, student_number, enrollment_date, status) VALUES ('5836cd8a-ea57-4bc4-941a-8ed63ef7ef40', 'S004', '2024-12-26', 'enrolled');
INSERT INTO student_enrollments (timetable_id, student_number, enrollment_date, status) VALUES ('2bbea37f-2de1-4214-9282-8daf487e0bb9', 'S012', '2024-09-05', 'enrolled');
INSERT INTO student_enrollments (timetable_id, student_number, enrollment_date, status) VALUES ('d1d61ff6-be15-4bef-aca1-58e1515b835f', 'S200', '2024-09-11', 'enrolled');
INSERT INTO student_enrollments (timetable_id, student_number, enrollment_date, status) VALUES ('f66300b3-1dc8-460a-8808-9688b26cb8f3', 'S177', '2024-09-19', 'completed');
INSERT INTO student_enrollments (timetable_id, student_number, enrollment_date, status) VALUES ('5c4d4c6b-6a86-472d-89e7-9f7912c28e39', 'S124', '2023-12-22', 'enrolled');
INSERT INTO student_enrollments (timetable_id, student_number, enrollment_date, status) VALUES ('73550333-e178-4dc1-9580-6583a37bf341', 'S061', '2024-07-27', 'dropped');
INSERT INTO student_enrollments (timetable_id, student_number, enrollment_date, status) VALUES ('36c3d043-a096-4b3f-967a-f7c0b819b38d', 'S122', '2023-11-04', 'enrolled');
INSERT INTO student_enrollments (timetable_id, student_number, enrollment_date, status) VALUES ('86d9be6e-cd89-4b0b-998d-57c29e19e025', 'S070', '2024-09-14', 'enrolled');
INSERT INTO student_enrollments (timetable_id, student_number, enrollment_date, status) VALUES ('36c3d043-a096-4b3f-967a-f7c0b819b38d', 'S070', '2024-08-10', 'completed');
INSERT INTO student_enrollments (timetable_id, student_number, enrollment_date, status) VALUES ('5c4d4c6b-6a86-472d-89e7-9f7912c28e39', 'S043', '2024-10-11', 'completed');
INSERT INTO student_enrollments (timetable_id, student_number, enrollment_date, status) VALUES ('bb0133d5-5a1c-4d66-82f5-72dafd1b8c7c', 'S123', '2024-03-09', 'enrolled');
INSERT INTO student_enrollments (timetable_id, student_number, enrollment_date, status) VALUES ('2771230f-6204-4414-8ebd-afd8144c9ae0', 'S037', '2024-05-07', 'enrolled');
INSERT INTO student_enrollments (timetable_id, student_number, enrollment_date, status) VALUES ('d1d61ff6-be15-4bef-aca1-58e1515b835f', 'S174', '2024-09-04', 'enrolled');
INSERT INTO student_enrollments (timetable_id, student_number, enrollment_date, status) VALUES ('89e2b70b-08f7-4a5b-ba8b-2d35ef653813', 'S186', '2023-12-28', 'completed');
INSERT INTO student_enrollments (timetable_id, student_number, enrollment_date, status) VALUES ('5836cd8a-ea57-4bc4-941a-8ed63ef7ef40', 'S158', '2024-03-05', 'completed');
INSERT INTO student_enrollments (timetable_id, student_number, enrollment_date, status) VALUES ('0c45f1a7-e2e8-4d85-aa9e-1a9c0eb46a89', 'S057', '2023-08-18', 'dropped');
INSERT INTO student_enrollments (timetable_id, student_number, enrollment_date, status) VALUES ('5c4d4c6b-6a86-472d-89e7-9f7912c28e39', 'S015', '2024-03-24', 'dropped');
INSERT INTO student_enrollments (timetable_id, student_number, enrollment_date, status) VALUES ('70de1ce9-32d4-4c2d-98ad-77c3a8c46149', 'S011', '2024-07-04', 'completed');
INSERT INTO student_enrollments (timetable_id, student_number, enrollment_date, status) VALUES ('0c45f1a7-e2e8-4d85-aa9e-1a9c0eb46a89', 'S107', '2025-06-10', 'enrolled');
INSERT INTO student_enrollments (timetable_id, student_number, enrollment_date, status) VALUES ('89e2b70b-08f7-4a5b-ba8b-2d35ef653813', 'S007', '2025-04-01', 'dropped');
INSERT INTO student_enrollments (timetable_id, student_number, enrollment_date, status) VALUES ('9f9feac3-6553-4b18-8257-5c47e58afcfa', 'S071', '2024-02-15', 'enrolled');
INSERT INTO student_enrollments (timetable_id, student_number, enrollment_date, status) VALUES ('89e2b70b-08f7-4a5b-ba8b-2d35ef653813', 'S011', '2025-06-07', 'completed');
INSERT INTO student_enrollments (timetable_id, student_number, enrollment_date, status) VALUES ('70de1ce9-32d4-4c2d-98ad-77c3a8c46149', 'S046', '2024-02-24', 'completed');
INSERT INTO student_enrollments (timetable_id, student_number, enrollment_date, status) VALUES ('2771230f-6204-4414-8ebd-afd8144c9ae0', 'S159', '2024-09-16', 'completed');
INSERT INTO student_enrollments (timetable_id, student_number, enrollment_date, status) VALUES ('70203be6-923d-4664-8c10-84dbac060129', 'S081', '2023-08-24', 'enrolled');
INSERT INTO student_enrollments (timetable_id, student_number, enrollment_date, status) VALUES ('86d9be6e-cd89-4b0b-998d-57c29e19e025', 'S194', '2024-03-07', 'completed');
INSERT INTO student_enrollments (timetable_id, student_number, enrollment_date, status) VALUES ('345a6eef-e9e4-4f35-a388-531d1fc3859d', 'S071', '2023-12-21', 'enrolled');
INSERT INTO student_enrollments (timetable_id, student_number, enrollment_date, status) VALUES ('9024288b-eb0a-4c5c-aa16-3d9926c76789', 'S181', '2024-07-05', 'dropped');
INSERT INTO student_enrollments (timetable_id, student_number, enrollment_date, status) VALUES ('f8af78c3-0c4d-4884-9d41-9289747eb341', 'S051', '2025-05-27', 'enrolled');
INSERT INTO student_enrollments (timetable_id, student_number, enrollment_date, status) VALUES ('ed1fbeef-c870-4cdd-9cfe-2de2ca15c938', 'S189', '2024-08-13', 'enrolled');
INSERT INTO student_enrollments (timetable_id, student_number, enrollment_date, status) VALUES ('2bbea37f-2de1-4214-9282-8daf487e0bb9', 'S087', '2023-10-13', 'completed');
INSERT INTO student_enrollments (timetable_id, student_number, enrollment_date, status) VALUES ('d1d61ff6-be15-4bef-aca1-58e1515b835f', 'S113', '2023-08-26', 'dropped');
INSERT INTO student_enrollments (timetable_id, student_number, enrollment_date, status) VALUES ('36c3d043-a096-4b3f-967a-f7c0b819b38d', 'S141', '2023-12-10', 'dropped');
INSERT INTO student_enrollments (timetable_id, student_number, enrollment_date, status) VALUES ('8491e735-cdc0-4e83-ab00-54562a6111bc', 'S070', '2024-07-08', 'completed');
INSERT INTO student_enrollments (timetable_id, student_number, enrollment_date, status) VALUES ('70de1ce9-32d4-4c2d-98ad-77c3a8c46149', 'S155', '2023-08-25', 'enrolled');
INSERT INTO student_enrollments (timetable_id, student_number, enrollment_date, status) VALUES ('dfb24fdc-c796-4da8-b86b-3bbab0bbc04d', 'S178', '2023-07-21', 'dropped');
INSERT INTO student_enrollments (timetable_id, student_number, enrollment_date, status) VALUES ('2bbea37f-2de1-4214-9282-8daf487e0bb9', 'S168', '2024-06-19', 'dropped');
INSERT INTO student_enrollments (timetable_id, student_number, enrollment_date, status) VALUES ('e32dfac2-47a8-4b70-bd85-77c89cdf9f07', 'S158', '2023-09-26', 'completed');
INSERT INTO student_enrollments (timetable_id, student_number, enrollment_date, status) VALUES ('f66300b3-1dc8-460a-8808-9688b26cb8f3', 'S093', '2024-10-13', 'completed');
INSERT INTO student_enrollments (timetable_id, student_number, enrollment_date, status) VALUES ('70203be6-923d-4664-8c10-84dbac060129', 'S122', '2024-02-14', 'completed');
INSERT INTO student_enrollments (timetable_id, student_number, enrollment_date, status) VALUES ('bb0133d5-5a1c-4d66-82f5-72dafd1b8c7c', 'S134', '2024-11-17', 'completed');
INSERT INTO student_enrollments (timetable_id, student_number, enrollment_date, status) VALUES ('39036f49-34c4-42c7-bb8a-8d69a3e59e1c', 'S005', '2024-12-02', 'dropped');
INSERT INTO student_enrollments (timetable_id, student_number, enrollment_date, status) VALUES ('86d9be6e-cd89-4b0b-998d-57c29e19e025', 'S006', '2024-06-23', 'completed');
INSERT INTO student_enrollments (timetable_id, student_number, enrollment_date, status) VALUES ('5836cd8a-ea57-4bc4-941a-8ed63ef7ef40', 'S096', '2025-01-08', 'enrolled');
INSERT INTO student_enrollments (timetable_id, student_number, enrollment_date, status) VALUES ('9024288b-eb0a-4c5c-aa16-3d9926c76789', 'S028', '2024-04-13', 'dropped');
INSERT INTO student_enrollments (timetable_id, student_number, enrollment_date, status) VALUES ('36c3d043-a096-4b3f-967a-f7c0b819b38d', 'S015', '2023-07-11', 'dropped');
INSERT INTO student_enrollments (timetable_id, student_number, enrollment_date, status) VALUES ('89e2b70b-08f7-4a5b-ba8b-2d35ef653813', 'S126', '2025-02-10', 'enrolled');
INSERT INTO student_enrollments (timetable_id, student_number, enrollment_date, status) VALUES ('0c45f1a7-e2e8-4d85-aa9e-1a9c0eb46a89', 'S005', '2023-11-22', 'completed');
INSERT INTO student_enrollments (timetable_id, student_number, enrollment_date, status) VALUES ('36c3d043-a096-4b3f-967a-f7c0b819b38d', 'S196', '2024-01-07', 'dropped');
INSERT INTO student_enrollments (timetable_id, student_number, enrollment_date, status) VALUES ('2bbea37f-2de1-4214-9282-8daf487e0bb9', 'S080', '2023-07-24', 'completed');
INSERT INTO student_enrollments (timetable_id, student_number, enrollment_date, status) VALUES ('ed1fbeef-c870-4cdd-9cfe-2de2ca15c938', 'S106', '2023-07-03', 'enrolled');
INSERT INTO student_enrollments (timetable_id, student_number, enrollment_date, status) VALUES ('5836cd8a-ea57-4bc4-941a-8ed63ef7ef40', 'S046', '2023-07-15', 'completed');
INSERT INTO student_enrollments (timetable_id, student_number, enrollment_date, status) VALUES ('4c14aa1c-334a-47b7-9e67-cb2329a32e0c', 'S088', '2025-03-25', 'enrolled');
INSERT INTO student_enrollments (timetable_id, student_number, enrollment_date, status) VALUES ('4c14aa1c-334a-47b7-9e67-cb2329a32e0c', 'S091', '2024-03-24', 'completed');
INSERT INTO student_enrollments (timetable_id, student_number, enrollment_date, status) VALUES ('2bbea37f-2de1-4214-9282-8daf487e0bb9', 'S075', '2024-06-02', 'completed');
INSERT INTO student_enrollments (timetable_id, student_number, enrollment_date, status) VALUES ('5836cd8a-ea57-4bc4-941a-8ed63ef7ef40', 'S018', '2023-07-25', 'dropped');
INSERT INTO student_enrollments (timetable_id, student_number, enrollment_date, status) VALUES ('ed1fbeef-c870-4cdd-9cfe-2de2ca15c938', 'S173', '2025-04-30', 'dropped');
INSERT INTO student_enrollments (timetable_id, student_number, enrollment_date, status) VALUES ('4c14aa1c-334a-47b7-9e67-cb2329a32e0c', 'S156', '2024-12-25', 'enrolled');
INSERT INTO student_enrollments (timetable_id, student_number, enrollment_date, status) VALUES ('73550333-e178-4dc1-9580-6583a37bf341', 'S179', '2024-02-11', 'completed');
INSERT INTO student_enrollments (timetable_id, student_number, enrollment_date, status) VALUES ('e32dfac2-47a8-4b70-bd85-77c89cdf9f07', 'S145', '2023-09-12', 'completed');
INSERT INTO student_enrollments (timetable_id, student_number, enrollment_date, status) VALUES ('dfb24fdc-c796-4da8-b86b-3bbab0bbc04d', 'S124', '2025-01-18', 'enrolled');
INSERT INTO student_enrollments (timetable_id, student_number, enrollment_date, status) VALUES ('bb0133d5-5a1c-4d66-82f5-72dafd1b8c7c', 'S093', '2025-01-28', 'enrolled');
INSERT INTO student_enrollments (timetable_id, student_number, enrollment_date, status) VALUES ('5836cd8a-ea57-4bc4-941a-8ed63ef7ef40', 'S023', '2024-08-05', 'dropped');
INSERT INTO student_enrollments (timetable_id, student_number, enrollment_date, status) VALUES ('5c4d4c6b-6a86-472d-89e7-9f7912c28e39', 'S040', '2023-11-21', 'dropped');
INSERT INTO student_enrollments (timetable_id, student_number, enrollment_date, status) VALUES ('f66300b3-1dc8-460a-8808-9688b26cb8f3', 'S148', '2023-11-20', 'dropped');
INSERT INTO student_enrollments (timetable_id, student_number, enrollment_date, status) VALUES ('66b01205-e6dc-4b91-a0bf-e7631c30e2ae', 'S095', '2024-11-14', 'completed');
INSERT INTO student_enrollments (timetable_id, student_number, enrollment_date, status) VALUES ('2771230f-6204-4414-8ebd-afd8144c9ae0', 'S128', '2024-11-24', 'enrolled');
INSERT INTO student_enrollments (timetable_id, student_number, enrollment_date, status) VALUES ('2771230f-6204-4414-8ebd-afd8144c9ae0', 'S156', '2024-10-01', 'dropped');
INSERT INTO student_enrollments (timetable_id, student_number, enrollment_date, status) VALUES ('8491e735-cdc0-4e83-ab00-54562a6111bc', 'S021', '2024-10-31', 'enrolled');
INSERT INTO student_enrollments (timetable_id, student_number, enrollment_date, status) VALUES ('89e2b70b-08f7-4a5b-ba8b-2d35ef653813', 'S037', '2025-06-13', 'dropped');
INSERT INTO student_enrollments (timetable_id, student_number, enrollment_date, status) VALUES ('2771230f-6204-4414-8ebd-afd8144c9ae0', 'S019', '2025-04-14', 'completed');
INSERT INTO student_enrollments (timetable_id, student_number, enrollment_date, status) VALUES ('5c4d4c6b-6a86-472d-89e7-9f7912c28e39', 'S121', '2024-06-05', 'dropped');
INSERT INTO student_enrollments (timetable_id, student_number, enrollment_date, status) VALUES ('ed1fbeef-c870-4cdd-9cfe-2de2ca15c938', 'S197', '2025-04-28', 'completed');
INSERT INTO student_enrollments (timetable_id, student_number, enrollment_date, status) VALUES ('afcd08e7-e662-401b-8b24-e7ab4dee06a4', 'S127', '2024-07-14', 'enrolled');
INSERT INTO student_enrollments (timetable_id, student_number, enrollment_date, status) VALUES ('39036f49-34c4-42c7-bb8a-8d69a3e59e1c', 'S064', '2024-12-29', 'dropped');
INSERT INTO student_enrollments (timetable_id, student_number, enrollment_date, status) VALUES ('345a6eef-e9e4-4f35-a388-531d1fc3859d', 'S129', '2024-07-04', 'completed');
INSERT INTO student_enrollments (timetable_id, student_number, enrollment_date, status) VALUES ('f66300b3-1dc8-460a-8808-9688b26cb8f3', 'S098', '2024-04-14', 'dropped');
INSERT INTO student_enrollments (timetable_id, student_number, enrollment_date, status) VALUES ('39036f49-34c4-42c7-bb8a-8d69a3e59e1c', 'S158', '2024-07-23', 'completed');
INSERT INTO student_enrollments (timetable_id, student_number, enrollment_date, status) VALUES ('4c14aa1c-334a-47b7-9e67-cb2329a32e0c', 'S183', '2024-10-19', 'completed');
INSERT INTO student_enrollments (timetable_id, student_number, enrollment_date, status) VALUES ('66b01205-e6dc-4b91-a0bf-e7631c30e2ae', 'S035', '2024-01-10', 'dropped');
INSERT INTO student_enrollments (timetable_id, student_number, enrollment_date, status) VALUES ('0c45f1a7-e2e8-4d85-aa9e-1a9c0eb46a89', 'S032', '2024-09-09', 'enrolled');
INSERT INTO student_enrollments (timetable_id, student_number, enrollment_date, status) VALUES ('0c45f1a7-e2e8-4d85-aa9e-1a9c0eb46a89', 'S076', '2025-05-31', 'enrolled');
INSERT INTO student_enrollments (timetable_id, student_number, enrollment_date, status) VALUES ('2771230f-6204-4414-8ebd-afd8144c9ae0', 'S098', '2023-11-05', 'enrolled');
INSERT INTO student_enrollments (timetable_id, student_number, enrollment_date, status) VALUES ('4c14aa1c-334a-47b7-9e67-cb2329a32e0c', 'S006', '2023-11-23', 'enrolled');
INSERT INTO student_enrollments (timetable_id, student_number, enrollment_date, status) VALUES ('47bf3672-a2af-401b-9bdb-5a4dfd11f7d9', 'S187', '2024-11-28', 'enrolled');
INSERT INTO student_enrollments (timetable_id, student_number, enrollment_date, status) VALUES ('4c14aa1c-334a-47b7-9e67-cb2329a32e0c', 'S143', '2023-12-23', 'completed');
INSERT INTO student_enrollments (timetable_id, student_number, enrollment_date, status) VALUES ('86d9be6e-cd89-4b0b-998d-57c29e19e025', 'S090', '2023-07-31', 'dropped');
INSERT INTO student_enrollments (timetable_id, student_number, enrollment_date, status) VALUES ('2bbea37f-2de1-4214-9282-8daf487e0bb9', 'S003', '2025-04-29', 'dropped');
INSERT INTO student_enrollments (timetable_id, student_number, enrollment_date, status) VALUES ('bb0133d5-5a1c-4d66-82f5-72dafd1b8c7c', 'S063', '2025-01-17', 'enrolled');
INSERT INTO student_enrollments (timetable_id, student_number, enrollment_date, status) VALUES ('39036f49-34c4-42c7-bb8a-8d69a3e59e1c', 'S193', '2024-09-30', 'completed');
INSERT INTO student_enrollments (timetable_id, student_number, enrollment_date, status) VALUES ('ed1fbeef-c870-4cdd-9cfe-2de2ca15c938', 'S049', '2024-09-15', 'dropped');
INSERT INTO student_enrollments (timetable_id, student_number, enrollment_date, status) VALUES ('36c3d043-a096-4b3f-967a-f7c0b819b38d', 'S073', '2024-02-03', 'enrolled');
INSERT INTO student_enrollments (timetable_id, student_number, enrollment_date, status) VALUES ('bb0133d5-5a1c-4d66-82f5-72dafd1b8c7c', 'S010', '2025-02-15', 'enrolled');
INSERT INTO student_enrollments (timetable_id, student_number, enrollment_date, status) VALUES ('2771230f-6204-4414-8ebd-afd8144c9ae0', 'S133', '2023-06-19', 'enrolled');
INSERT INTO student_enrollments (timetable_id, student_number, enrollment_date, status) VALUES ('bb0133d5-5a1c-4d66-82f5-72dafd1b8c7c', 'S187', '2024-07-06', 'completed');
INSERT INTO student_enrollments (timetable_id, student_number, enrollment_date, status) VALUES ('66b01205-e6dc-4b91-a0bf-e7631c30e2ae', 'S164', '2023-07-31', 'dropped');
INSERT INTO student_enrollments (timetable_id, student_number, enrollment_date, status) VALUES ('89e2b70b-08f7-4a5b-ba8b-2d35ef653813', 'S127', '2025-03-19', 'completed');
INSERT INTO student_enrollments (timetable_id, student_number, enrollment_date, status) VALUES ('47bf3672-a2af-401b-9bdb-5a4dfd11f7d9', 'S033', '2023-09-16', 'dropped');
INSERT INTO student_enrollments (timetable_id, student_number, enrollment_date, status) VALUES ('d1d61ff6-be15-4bef-aca1-58e1515b835f', 'S070', '2024-04-05', 'dropped');
INSERT INTO student_enrollments (timetable_id, student_number, enrollment_date, status) VALUES ('afcd08e7-e662-401b-8b24-e7ab4dee06a4', 'S176', '2023-08-24', 'completed');
INSERT INTO student_enrollments (timetable_id, student_number, enrollment_date, status) VALUES ('66b01205-e6dc-4b91-a0bf-e7631c30e2ae', 'S033', '2024-07-11', 'dropped');
INSERT INTO student_enrollments (timetable_id, student_number, enrollment_date, status) VALUES ('2bbea37f-2de1-4214-9282-8daf487e0bb9', 'S166', '2024-09-12', 'enrolled');
INSERT INTO student_enrollments (timetable_id, student_number, enrollment_date, status) VALUES ('9f9feac3-6553-4b18-8257-5c47e58afcfa', 'S181', '2024-05-06', 'completed');
INSERT INTO student_enrollments (timetable_id, student_number, enrollment_date, status) VALUES ('2bbea37f-2de1-4214-9282-8daf487e0bb9', 'S076', '2023-12-09', 'enrolled');
INSERT INTO student_enrollments (timetable_id, student_number, enrollment_date, status) VALUES ('4c14aa1c-334a-47b7-9e67-cb2329a32e0c', 'S164', '2024-11-28', 'completed');
INSERT INTO student_enrollments (timetable_id, student_number, enrollment_date, status) VALUES ('9024288b-eb0a-4c5c-aa16-3d9926c76789', 'S188', '2024-03-05', 'completed');
INSERT INTO student_enrollments (timetable_id, student_number, enrollment_date, status) VALUES ('86d9be6e-cd89-4b0b-998d-57c29e19e025', 'S066', '2024-06-20', 'enrolled');
INSERT INTO student_enrollments (timetable_id, student_number, enrollment_date, status) VALUES ('73550333-e178-4dc1-9580-6583a37bf341', 'S184', '2024-03-27', 'dropped');
INSERT INTO student_enrollments (timetable_id, student_number, enrollment_date, status) VALUES ('86d9be6e-cd89-4b0b-998d-57c29e19e025', 'S054', '2025-04-07', 'dropped');
INSERT INTO student_enrollments (timetable_id, student_number, enrollment_date, status) VALUES ('2bbea37f-2de1-4214-9282-8daf487e0bb9', 'S031', '2025-04-27', 'enrolled');
INSERT INTO student_enrollments (timetable_id, student_number, enrollment_date, status) VALUES ('36c3d043-a096-4b3f-967a-f7c0b819b38d', 'S071', '2024-10-21', 'enrolled');
INSERT INTO student_enrollments (timetable_id, student_number, enrollment_date, status) VALUES ('36c3d043-a096-4b3f-967a-f7c0b819b38d', 'S135', '2024-07-19', 'dropped');
INSERT INTO student_enrollments (timetable_id, student_number, enrollment_date, status) VALUES ('39036f49-34c4-42c7-bb8a-8d69a3e59e1c', 'S147', '2024-08-12', 'dropped');
INSERT INTO student_enrollments (timetable_id, student_number, enrollment_date, status) VALUES ('70de1ce9-32d4-4c2d-98ad-77c3a8c46149', 'S158', '2023-12-12', 'completed');
INSERT INTO student_enrollments (timetable_id, student_number, enrollment_date, status) VALUES ('66b01205-e6dc-4b91-a0bf-e7631c30e2ae', 'S013', '2025-01-15', 'completed');
INSERT INTO student_enrollments (timetable_id, student_number, enrollment_date, status) VALUES ('47bf3672-a2af-401b-9bdb-5a4dfd11f7d9', 'S011', '2025-01-13', 'enrolled');
INSERT INTO student_enrollments (timetable_id, student_number, enrollment_date, status) VALUES ('5836cd8a-ea57-4bc4-941a-8ed63ef7ef40', 'S110', '2023-08-10', 'dropped');
INSERT INTO student_enrollments (timetable_id, student_number, enrollment_date, status) VALUES ('47bf3672-a2af-401b-9bdb-5a4dfd11f7d9', 'S009', '2023-12-12', 'completed');
INSERT INTO student_enrollments (timetable_id, student_number, enrollment_date, status) VALUES ('09a92586-caf5-4e1a-a18a-d8e553017524', 'S075', '2025-05-26', 'completed');
INSERT INTO student_enrollments (timetable_id, student_number, enrollment_date, status) VALUES ('8491e735-cdc0-4e83-ab00-54562a6111bc', 'S134', '2023-10-11', 'completed');
INSERT INTO student_enrollments (timetable_id, student_number, enrollment_date, status) VALUES ('5c4d4c6b-6a86-472d-89e7-9f7912c28e39', 'S159', '2025-04-18', 'enrolled');
INSERT INTO student_enrollments (timetable_id, student_number, enrollment_date, status) VALUES ('87f664f4-d0da-499a-8f88-b87130b90ec1', 'S083', '2024-11-24', 'completed');
INSERT INTO student_enrollments (timetable_id, student_number, enrollment_date, status) VALUES ('39036f49-34c4-42c7-bb8a-8d69a3e59e1c', 'S015', '2023-12-28', 'completed');
INSERT INTO student_enrollments (timetable_id, student_number, enrollment_date, status) VALUES ('5836cd8a-ea57-4bc4-941a-8ed63ef7ef40', 'S030', '2025-04-07', 'completed');
INSERT INTO student_enrollments (timetable_id, student_number, enrollment_date, status) VALUES ('89e2b70b-08f7-4a5b-ba8b-2d35ef653813', 'S181', '2023-06-21', 'enrolled');
INSERT INTO student_enrollments (timetable_id, student_number, enrollment_date, status) VALUES ('afcd08e7-e662-401b-8b24-e7ab4dee06a4', 'S144', '2024-12-26', 'completed');
INSERT INTO student_enrollments (timetable_id, student_number, enrollment_date, status) VALUES ('73550333-e178-4dc1-9580-6583a37bf341', 'S157', '2025-02-02', 'dropped');
INSERT INTO student_enrollments (timetable_id, student_number, enrollment_date, status) VALUES ('8491e735-cdc0-4e83-ab00-54562a6111bc', 'S126', '2023-10-25', 'dropped');
INSERT INTO student_enrollments (timetable_id, student_number, enrollment_date, status) VALUES ('5c4d4c6b-6a86-472d-89e7-9f7912c28e39', 'S090', '2023-11-19', 'completed');
INSERT INTO student_enrollments (timetable_id, student_number, enrollment_date, status) VALUES ('0c45f1a7-e2e8-4d85-aa9e-1a9c0eb46a89', 'S008', '2023-07-02', 'enrolled');
INSERT INTO student_enrollments (timetable_id, student_number, enrollment_date, status) VALUES ('e32dfac2-47a8-4b70-bd85-77c89cdf9f07', 'S059', '2025-01-05', 'completed');
INSERT INTO student_enrollments (timetable_id, student_number, enrollment_date, status) VALUES ('6545be18-dcd6-4c9f-9191-5d9dc82c64d1', 'S087', '2024-08-13', 'enrolled');
INSERT INTO student_enrollments (timetable_id, student_number, enrollment_date, status) VALUES ('dfb24fdc-c796-4da8-b86b-3bbab0bbc04d', 'S186', '2023-07-08', 'completed');
INSERT INTO student_enrollments (timetable_id, student_number, enrollment_date, status) VALUES ('2771230f-6204-4414-8ebd-afd8144c9ae0', 'S141', '2024-11-23', 'dropped');
INSERT INTO student_enrollments (timetable_id, student_number, enrollment_date, status) VALUES ('afcd08e7-e662-401b-8b24-e7ab4dee06a4', 'S157', '2024-06-08', 'enrolled');
INSERT INTO student_enrollments (timetable_id, student_number, enrollment_date, status) VALUES ('345a6eef-e9e4-4f35-a388-531d1fc3859d', 'S100', '2025-05-28', 'completed');
INSERT INTO student_enrollments (timetable_id, student_number, enrollment_date, status) VALUES ('f8af78c3-0c4d-4884-9d41-9289747eb341', 'S171', '2024-05-30', 'completed');
INSERT INTO student_enrollments (timetable_id, student_number, enrollment_date, status) VALUES ('6545be18-dcd6-4c9f-9191-5d9dc82c64d1', 'S028', '2025-06-17', 'completed');
INSERT INTO student_enrollments (timetable_id, student_number, enrollment_date, status) VALUES ('70de1ce9-32d4-4c2d-98ad-77c3a8c46149', 'S186', '2023-12-24', 'dropped');
INSERT INTO student_enrollments (timetable_id, student_number, enrollment_date, status) VALUES ('9024288b-eb0a-4c5c-aa16-3d9926c76789', 'S044', '2024-10-04', 'completed');
INSERT INTO student_enrollments (timetable_id, student_number, enrollment_date, status) VALUES ('89e2b70b-08f7-4a5b-ba8b-2d35ef653813', 'S124', '2025-03-16', 'enrolled');
INSERT INTO student_enrollments (timetable_id, student_number, enrollment_date, status) VALUES ('70de1ce9-32d4-4c2d-98ad-77c3a8c46149', 'S024', '2024-02-12', 'dropped');
INSERT INTO student_enrollments (timetable_id, student_number, enrollment_date, status) VALUES ('e32dfac2-47a8-4b70-bd85-77c89cdf9f07', 'S101', '2023-09-08', 'dropped');
INSERT INTO student_enrollments (timetable_id, student_number, enrollment_date, status) VALUES ('dfb24fdc-c796-4da8-b86b-3bbab0bbc04d', 'S071', '2025-04-12', 'enrolled');
INSERT INTO student_enrollments (timetable_id, student_number, enrollment_date, status) VALUES ('9f9feac3-6553-4b18-8257-5c47e58afcfa', 'S187', '2023-07-17', 'dropped');
INSERT INTO student_enrollments (timetable_id, student_number, enrollment_date, status) VALUES ('dfb24fdc-c796-4da8-b86b-3bbab0bbc04d', 'S112', '2025-01-02', 'enrolled');
INSERT INTO student_enrollments (timetable_id, student_number, enrollment_date, status) VALUES ('bb0133d5-5a1c-4d66-82f5-72dafd1b8c7c', 'S027', '2025-02-19', 'dropped');
INSERT INTO student_enrollments (timetable_id, student_number, enrollment_date, status) VALUES ('9f9feac3-6553-4b18-8257-5c47e58afcfa', 'S172', '2023-12-15', 'completed');
INSERT INTO student_enrollments (timetable_id, student_number, enrollment_date, status) VALUES ('86d9be6e-cd89-4b0b-998d-57c29e19e025', 'S077', '2024-10-29', 'dropped');
INSERT INTO student_enrollments (timetable_id, student_number, enrollment_date, status) VALUES ('4c14aa1c-334a-47b7-9e67-cb2329a32e0c', 'S010', '2024-10-28', 'completed');
INSERT INTO student_enrollments (timetable_id, student_number, enrollment_date, status) VALUES ('86d9be6e-cd89-4b0b-998d-57c29e19e025', 'S154', '2025-04-29', 'completed');
INSERT INTO student_enrollments (timetable_id, student_number, enrollment_date, status) VALUES ('70de1ce9-32d4-4c2d-98ad-77c3a8c46149', 'S161', '2025-05-25', 'completed');
INSERT INTO student_enrollments (timetable_id, student_number, enrollment_date, status) VALUES ('5836cd8a-ea57-4bc4-941a-8ed63ef7ef40', 'S019', '2023-06-30', 'enrolled');
INSERT INTO student_enrollments (timetable_id, student_number, enrollment_date, status) VALUES ('0c45f1a7-e2e8-4d85-aa9e-1a9c0eb46a89', 'S177', '2023-09-10', 'enrolled');
INSERT INTO student_enrollments (timetable_id, student_number, enrollment_date, status) VALUES ('47bf3672-a2af-401b-9bdb-5a4dfd11f7d9', 'S001', '2024-06-28', 'completed');
INSERT INTO student_enrollments (timetable_id, student_number, enrollment_date, status) VALUES ('70203be6-923d-4664-8c10-84dbac060129', 'S026', '2023-07-09', 'enrolled');
INSERT INTO student_enrollments (timetable_id, student_number, enrollment_date, status) VALUES ('70203be6-923d-4664-8c10-84dbac060129', 'S149', '2025-01-14', 'enrolled');
INSERT INTO student_enrollments (timetable_id, student_number, enrollment_date, status) VALUES ('5c4d4c6b-6a86-472d-89e7-9f7912c28e39', 'S143', '2024-10-14', 'completed');
INSERT INTO student_enrollments (timetable_id, student_number, enrollment_date, status) VALUES ('d1d61ff6-be15-4bef-aca1-58e1515b835f', 'S185', '2024-01-18', 'completed');
INSERT INTO student_enrollments (timetable_id, student_number, enrollment_date, status) VALUES ('4c14aa1c-334a-47b7-9e67-cb2329a32e0c', 'S127', '2024-08-03', 'dropped');
INSERT INTO student_enrollments (timetable_id, student_number, enrollment_date, status) VALUES ('f66300b3-1dc8-460a-8808-9688b26cb8f3', 'S176', '2023-09-29', 'completed');
INSERT INTO student_enrollments (timetable_id, student_number, enrollment_date, status) VALUES ('bb0133d5-5a1c-4d66-82f5-72dafd1b8c7c', 'S040', '2025-01-03', 'dropped');
INSERT INTO student_enrollments (timetable_id, student_number, enrollment_date, status) VALUES ('09a92586-caf5-4e1a-a18a-d8e553017524', 'S157', '2025-01-10', 'completed');
INSERT INTO student_enrollments (timetable_id, student_number, enrollment_date, status) VALUES ('345a6eef-e9e4-4f35-a388-531d1fc3859d', 'S144', '2024-05-30', 'dropped');
INSERT INTO student_enrollments (timetable_id, student_number, enrollment_date, status) VALUES ('70203be6-923d-4664-8c10-84dbac060129', 'S054', '2025-04-21', 'dropped');
INSERT INTO student_enrollments (timetable_id, student_number, enrollment_date, status) VALUES ('bb0133d5-5a1c-4d66-82f5-72dafd1b8c7c', 'S159', '2024-07-27', 'dropped');
INSERT INTO student_enrollments (timetable_id, student_number, enrollment_date, status) VALUES ('70de1ce9-32d4-4c2d-98ad-77c3a8c46149', 'S187', '2024-05-11', 'enrolled');
INSERT INTO student_enrollments (timetable_id, student_number, enrollment_date, status) VALUES ('9f9feac3-6553-4b18-8257-5c47e58afcfa', 'S162', '2024-06-13', 'dropped');
INSERT INTO student_enrollments (timetable_id, student_number, enrollment_date, status) VALUES ('f66300b3-1dc8-460a-8808-9688b26cb8f3', 'S049', '2024-12-07', 'completed');
INSERT INTO student_enrollments (timetable_id, student_number, enrollment_date, status) VALUES ('2bbea37f-2de1-4214-9282-8daf487e0bb9', 'S067', '2023-12-26', 'enrolled');
INSERT INTO student_enrollments (timetable_id, student_number, enrollment_date, status) VALUES ('36c3d043-a096-4b3f-967a-f7c0b819b38d', 'S105', '2024-08-06', 'dropped');
INSERT INTO student_enrollments (timetable_id, student_number, enrollment_date, status) VALUES ('2bbea37f-2de1-4214-9282-8daf487e0bb9', 'S122', '2023-10-02', 'enrolled');
INSERT INTO student_enrollments (timetable_id, student_number, enrollment_date, status) VALUES ('bb0133d5-5a1c-4d66-82f5-72dafd1b8c7c', 'S106', '2024-01-30', 'dropped');
INSERT INTO student_enrollments (timetable_id, student_number, enrollment_date, status) VALUES ('87f664f4-d0da-499a-8f88-b87130b90ec1', 'S117', '2024-03-21', 'dropped');
INSERT INTO student_enrollments (timetable_id, student_number, enrollment_date, status) VALUES ('36c3d043-a096-4b3f-967a-f7c0b819b38d', 'S064', '2024-09-13', 'dropped');
INSERT INTO student_enrollments (timetable_id, student_number, enrollment_date, status) VALUES ('ed1fbeef-c870-4cdd-9cfe-2de2ca15c938', 'S171', '2024-01-25', 'completed');
INSERT INTO student_enrollments (timetable_id, student_number, enrollment_date, status) VALUES ('70203be6-923d-4664-8c10-84dbac060129', 'S033', '2025-01-22', 'enrolled');
INSERT INTO student_enrollments (timetable_id, student_number, enrollment_date, status) VALUES ('5836cd8a-ea57-4bc4-941a-8ed63ef7ef40', 'S124', '2025-04-14', 'enrolled');
